{"level":"info","message":"Server running on http://localhost:8900","timestamp":"2026-05-04 00:34:05"}
{"0":"2","1":"0","10":"T","11":"2","12":"3","13":":","14":"3","15":"7","16":":","17":"2","18":"6","19":".","2":"2","20":"3","21":"8","22":"1","23":"Z","3":"6","4":"-","5":"0","6":"5","7":"-","8":"0","9":"3","level":"error","message":"[Error]: Name is required","timestamp":"2026-05-04 00:37:26"}
{"level":"info","message":"Server running on http://localhost:8900","timestamp":"2026-05-04 00:39:03"}
{"level":"info","message":"Server running on http://localhost:8900","timestamp":"2026-05-04 00:39:16"}
{"level":"info","message":"Server running on http://localhost:8900","timestamp":"2026-05-04 00:40:06"}
{"level":"info","message":"Server running on http://localhost:8900","timestamp":"2026-05-04 00:41:27"}
{"level":"info","message":"Server running on http://localhost:8900","timestamp":"2026-05-06 00:08:02"}
{"level":"info","message":"::1 - - [05/May/2026:23:08:24 +0000] \"GET /Api/roles HTTP/1.1\" 200 84 \"-\" \"Mozilla/5.0 (Windows NT 10.0; Win64; x64) AppleWebKit/537.36 (KHTML, like Gecko) Chrome/147.0.0.0 Safari/537.36\"","timestamp":"2026-05-06 00:08:24"}
{"0":"2","1":"0","10":"T","11":"2","12":"3","13":":","14":"0","15":"8","16":":","17":"2","18":"4","19":".","2":"2","20":"8","21":"1","22":"0","23":"Z","3":"6","4":"-","5":"0","6":"5","7":"-","8":"0","9":"5","level":"error","message":"[Error]: Route http://localhost:8900/favicon.ico not found","timestamp":"2026-05-06 00:08:24"}
{"level":"info","message":"::1 - - [05/May/2026:23:08:24 +0000] \"GET /favicon.ico HTTP/1.1\" 404 125 \"http://localhost:8900/Api/roles\" \"Mozilla/5.0 (Windows NT 10.0; Win64; x64) AppleWebKit/537.36 (KHTML, like Gecko) Chrome/147.0.0.0 Safari/537.36\"","timestamp":"2026-05-06 00:08:24"}
{"level":"info","message":"Server running on http://localhost:8900","timestamp":"2026-05-06 00:16:16"}
{"level":"info","message":"Server running on http://localhost:8900","timestamp":"2026-05-09 01:14:38"}
{"0":"2","1":"0","10":"T","11":"0","12":"0","13":":","14":"1","15":"4","16":":","17":"4","18":"2","19":".","2":"2","20":"2","21":"9","22":"5","23":"Z","3":"6","4":"-","5":"0","6":"5","7":"-","8":"0","9":"9","level":"error","message":"[Error]: Cannot add or update a child row: a foreign key constraint fails (`leaverequest_api`.`user`, CONSTRAINT `user_ibfk_1` FOREIGN KEY (`roleId`) REFERENCES `role` (`id`))","timestamp":"2026-05-09 01:14:42"}
{"level":"info","message":"::1 - - [09/May/2026:00:14:42 +0000] \"POST /api/users HTTP/1.1\" 400 242 \"-\" \"PostmanRuntime/7.53.0\"","timestamp":"2026-05-09 01:14:42"}
{"0":"2","1":"0","10":"T","11":"0","12":"0","13":":","14":"1","15":"6","16":":","17":"2","18":"1","19":".","2":"2","20":"1","21":"3","22":"7","23":"Z","3":"6","4":"-","5":"0","6":"5","7":"-","8":"0","9":"9","level":"error","message":"[Error]: Cannot add or update a child row: a foreign key constraint fails (`leaverequest_api`.`user`, CONSTRAINT `user_ibfk_1` FOREIGN KEY (`roleId`) REFERENCES `role` (`id`))","timestamp":"2026-05-09 01:16:21"}
{"level":"info","message":"::1 - - [09/May/2026:00:16:21 +0000] \"POST /api/users HTTP/1.1\" 400 242 \"-\" \"PostmanRuntime/7.53.0\"","timestamp":"2026-05-09 01:16:21"}
{"0":"2","1":"0","10":"T","11":"0","12":"0","13":":","14":"1","15":"8","16":":","17":"4","18":"0","19":".","2":"2","20":"6","21":"8","22":"4","23":"Z","3":"6","4":"-","5":"0","6":"5","7":"-","8":"0","9":"9","level":"error","message":"[Error]: Duplicate entry 'manager@email.com' for key 'email'","timestamp":"2026-05-09 01:18:40"}
{"level":"info","message":"::1 - - [09/May/2026:00:18:40 +0000] \"POST /api/users HTTP/1.1\" 400 127 \"-\" \"PostmanRuntime/7.53.0\"","timestamp":"2026-05-09 01:18:40"}
{"level":"info","message":"::1 - - [09/May/2026:00:21:42 +0000] \"POST /api/users HTTP/1.1\" 201 61 \"-\" \"PostmanRuntime/7.53.0\"","timestamp":"2026-05-09 01:21:42"}
{"0":"2","1":"0","10":"T","11":"0","12":"0","13":":","14":"2","15":"2","16":":","17":"0","18":"0","19":".","2":"2","20":"2","21":"6","22":"5","23":"Z","3":"6","4":"-","5":"0","6":"5","7":"-","8":"0","9":"9","level":"error","message":"[Error]: Password must be at least 10 characters long","timestamp":"2026-05-09 01:22:00"}
{"level":"info","message":"::1 - - [09/May/2026:00:22:00 +0000] \"POST /api/users HTTP/1.1\" 400 120 \"-\" \"PostmanRuntime/7.53.0\"","timestamp":"2026-05-09 01:22:00"}
{"0":"2","1":"0","10":"T","11":"0","12":"0","13":":","14":"2","15":"2","16":":","17":"0","18":"3","19":".","2":"2","20":"1","21":"9","22":"8","23":"Z","3":"6","4":"-","5":"0","6":"5","7":"-","8":"0","9":"9","level":"error","message":"[Error]: Password must be at least 10 characters long","timestamp":"2026-05-09 01:22:03"}
{"level":"info","message":"::1 - - [09/May/2026:00:22:03 +0000] \"POST /api/users HTTP/1.1\" 400 120 \"-\" \"PostmanRuntime/7.53.0\"","timestamp":"2026-05-09 01:22:03"}
{"level":"info","message":"::1 - - [09/May/2026:00:22:21 +0000] \"POST /api/users HTTP/1.1\" 201 59 \"-\" \"PostmanRuntime/7.53.0\"","timestamp":"2026-05-09 01:22:21"}
{"level":"info","message":"::1 - - [09/May/2026:00:22:24 +0000] \"POST /api/users HTTP/1.1\" 201 60 \"-\" \"PostmanRuntime/7.53.0\"","timestamp":"2026-05-09 01:22:24"}
{"level":"info","message":"::1 - - [09/May/2026:00:33:27 +0000] \"POST /api/users HTTP/1.1\" 201 61 \"-\" \"PostmanRuntime/7.53.0\"","timestamp":"2026-05-09 01:33:27"}
{"level":"info","message":"::1 - - [09/May/2026:00:33:30 +0000] \"POST /api/users HTTP/1.1\" 201 59 \"-\" \"PostmanRuntime/7.53.0\"","timestamp":"2026-05-09 01:33:30"}
{"level":"info","message":"::1 - - [09/May/2026:00:33:33 +0000] \"POST /api/users HTTP/1.1\" 201 60 \"-\" \"PostmanRuntime/7.53.0\"","timestamp":"2026-05-09 01:33:33"}
{"level":"info","message":"::1 - - [09/May/2026:00:35:03 +0000] \"GET /api/users HTTP/1.1\" 200 213 \"-\" \"PostmanRuntime/7.53.0\"","timestamp":"2026-05-09 01:35:03"}
{"level":"info","message":"Server running on http://localhost:8900","timestamp":"2026-05-09 03:23:05"}
{"0":"2","1":"0","10":"T","11":"0","12":"2","13":":","14":"2","15":"3","16":":","17":"1","18":"2","19":".","2":"2","20":"5","21":"7","22":"6","23":"Z","3":"6","4":"-","5":"0","6":"5","7":"-","8":"0","9":"9","level":"error","message":"[Error]: Cannot read properties of undefined (reading 'email')","timestamp":"2026-05-09 03:23:12"}
{"level":"info","message":"::1 - - [09/May/2026:02:23:12 +0000] \"POST /api/login HTTP/1.1\" 400 129 \"-\" \"PostmanRuntime/7.53.0\"","timestamp":"2026-05-09 03:23:12"}
{"0":"2","1":"0","10":"T","11":"0","12":"2","13":":","14":"2","15":"3","16":":","17":"3","18":"2","19":".","2":"2","20":"3","21":"5","22":"5","23":"Z","3":"6","4":"-","5":"0","6":"5","7":"-","8":"0","9":"9","level":"error","message":"[Error]: Cannot read properties of undefined (reading 'email')","timestamp":"2026-05-09 03:23:32"}
{"level":"info","message":"::1 - - [09/May/2026:02:23:32 +0000] \"POST /api/login HTTP/1.1\" 400 129 \"-\" \"PostmanRuntime/7.53.0\"","timestamp":"2026-05-09 03:23:32"}
{"0":"2","1":"0","10":"T","11":"0","12":"2","13":":","14":"2","15":"5","16":":","17":"2","18":"6","19":".","2":"2","20":"3","21":"2","22":"2","23":"Z","3":"6","4":"-","5":"0","6":"5","7":"-","8":"0","9":"9","level":"error","message":"[Error]: Password incorrect","timestamp":"2026-05-09 03:25:26"}
{"level":"info","message":"::1 - - [09/May/2026:02:25:26 +0000] \"POST /api/login HTTP/1.1\" 400 94 \"-\" \"PostmanRuntime/7.53.0\"","timestamp":"2026-05-09 03:25:26"}
{"0":"2","1":"0","10":"T","11":"0","12":"2","13":":","14":"2","15":"5","16":":","17":"4","18":"7","19":".","2":"2","20":"2","21":"7","22":"7","23":"Z","3":"6","4":"-","5":"0","6":"5","7":"-","8":"0","9":"9","level":"error","message":"[Error]: Password incorrect","timestamp":"2026-05-09 03:25:47"}
{"level":"info","message":"::1 - - [09/May/2026:02:25:47 +0000] \"POST /api/login HTTP/1.1\" 400 94 \"-\" \"PostmanRuntime/7.53.0\"","timestamp":"2026-05-09 03:25:47"}
{"level":"info","message":"::1 - - [09/May/2026:02:26:15 +0000] \"POST /api/users HTTP/1.1\" 201 61 \"-\" \"PostmanRuntime/7.53.0\"","timestamp":"2026-05-09 03:26:15"}
{"level":"info","message":"::1 - - [09/May/2026:02:26:18 +0000] \"POST /api/users HTTP/1.1\" 201 59 \"-\" \"PostmanRuntime/7.53.0\"","timestamp":"2026-05-09 03:26:18"}
{"level":"info","message":"::1 - - [09/May/2026:02:26:21 +0000] \"POST /api/users HTTP/1.1\" 201 60 \"-\" \"PostmanRuntime/7.53.0\"","timestamp":"2026-05-09 03:26:21"}
{"level":"info","message":"::1 - - [09/May/2026:02:26:28 +0000] \"POST /api/login HTTP/1.1\" 202 223 \"-\" \"PostmanRuntime/7.53.0\"","timestamp":"2026-05-09 03:26:28"}
{"0":"2","1":"0","10":"T","11":"0","12":"2","13":":","14":"2","15":"7","16":":","17":"5","18":"6","19":".","2":"2","20":"1","21":"8","22":"5","23":"Z","3":"6","4":"-","5":"0","6":"5","7":"-","8":"0","9":"9","level":"error","message":"[Error]: User not found","timestamp":"2026-05-09 03:27:56"}
{"level":"info","message":"::1 - - [09/May/2026:02:27:56 +0000] \"POST /api/login HTTP/1.1\" 400 90 \"-\" \"PostmanRuntime/7.53.0\"","timestamp":"2026-05-09 03:27:56"}
{"0":"2","1":"0","10":"T","11":"0","12":"2","13":":","14":"2","15":"8","16":":","17":"0","18":"4","19":".","2":"2","20":"9","21":"8","22":"8","23":"Z","3":"6","4":"-","5":"0","6":"5","7":"-","8":"0","9":"9","level":"error","message":"[Error]: User not found","timestamp":"2026-05-09 03:28:04"}
{"level":"info","message":"::1 - - [09/May/2026:02:28:04 +0000] \"POST /api/login HTTP/1.1\" 400 90 \"-\" \"PostmanRuntime/7.53.0\"","timestamp":"2026-05-09 03:28:04"}
{"level":"info","message":"::1 - - [09/May/2026:02:28:23 +0000] \"POST /api/login HTTP/1.1\" 202 217 \"-\" \"PostmanRuntime/7.53.0\"","timestamp":"2026-05-09 03:28:23"}
{"level":"info","message":"::1 - - [09/May/2026:02:28:26 +0000] \"POST /api/login HTTP/1.1\" 202 223 \"-\" \"PostmanRuntime/7.53.0\"","timestamp":"2026-05-09 03:28:26"}
{"level":"info","message":"::1 - - [09/May/2026:02:28:36 +0000] \"POST /api/login HTTP/1.1\" 202 219 \"-\" \"PostmanRuntime/7.53.0\"","timestamp":"2026-05-09 03:28:36"}
{"0":"2","1":"0","10":"T","11":"0","12":"2","13":":","14":"2","15":"8","16":":","17":"4","18":"1","19":".","2":"2","20":"5","21":"1","22":"7","23":"Z","3":"6","4":"-","5":"0","6":"5","7":"-","8":"0","9":"9","level":"error","message":"[Error]: Password incorrect","timestamp":"2026-05-09 03:28:41"}
{"level":"info","message":"::1 - - [09/May/2026:02:28:41 +0000] \"POST /api/login HTTP/1.1\" 400 94 \"-\" \"PostmanRuntime/7.53.0\"","timestamp":"2026-05-09 03:28:41"}
{"0":"2","1":"0","10":"T","11":"0","12":"2","13":":","14":"2","15":"8","16":":","17":"4","18":"2","19":".","2":"2","20":"8","21":"1","22":"2","23":"Z","3":"6","4":"-","5":"0","6":"5","7":"-","8":"0","9":"9","level":"error","message":"[Error]: Password incorrect","timestamp":"2026-05-09 03:28:42"}
{"level":"info","message":"::1 - - [09/May/2026:02:28:42 +0000] \"POST /api/login HTTP/1.1\" 400 94 \"-\" \"PostmanRuntime/7.53.0\"","timestamp":"2026-05-09 03:28:42"}
{"0":"2","1":"0","10":"T","11":"0","12":"2","13":":","14":"2","15":"8","16":":","17":"4","18":"3","19":".","2":"2","20":"8","21":"5","22":"9","23":"Z","3":"6","4":"-","5":"0","6":"5","7":"-","8":"0","9":"9","level":"error","message":"[Error]: Password incorrect","timestamp":"2026-05-09 03:28:43"}
{"level":"info","message":"::1 - - [09/May/2026:02:28:43 +0000] \"POST /api/login HTTP/1.1\" 400 94 \"-\" \"PostmanRuntime/7.53.0\"","timestamp":"2026-05-09 03:28:43"}
{"level":"info","message":"Server running on http://localhost:8900","timestamp":"2026-05-09 19:36:49"}
{"level":"error","message":"Not authorised - Token is invalid","timestamp":"2026-05-09 19:36:56"}
{"0":"2","1":"0","10":"T","11":"1","12":"8","13":":","14":"3","15":"6","16":":","17":"5","18":"6","19":".","2":"2","20":"8","21":"8","22":"9","23":"Z","3":"6","4":"-","5":"0","6":"5","7":"-","8":"0","9":"9","level":"error","message":"[Error]: Not authorised - Token is invalid","timestamp":"2026-05-09 19:36:56"}
{"level":"info","message":"::1 - - [09/May/2026:18:36:56 +0000] \"GET /api/users HTTP/1.1\" 401 109 \"-\" \"PostmanRuntime/7.53.0\"","timestamp":"2026-05-09 19:36:56"}
{"level":"error","message":"Not authorised - Token is invalid","timestamp":"2026-05-09 19:37:14"}
{"0":"2","1":"0","10":"T","11":"1","12":"8","13":":","14":"3","15":"7","16":":","17":"1","18":"4","19":".","2":"2","20":"4","21":"5","22":"8","23":"Z","3":"6","4":"-","5":"0","6":"5","7":"-","8":"0","9":"9","level":"error","message":"[Error]: Not authorised - Token is invalid","timestamp":"2026-05-09 19:37:14"}
{"level":"info","message":"::1 - - [09/May/2026:18:37:14 +0000] \"GET /api/users HTTP/1.1\" 401 109 \"-\" \"PostmanRuntime/7.53.0\"","timestamp":"2026-05-09 19:37:14"}
{"level":"info","message":"Server running on http://localhost:8900","timestamp":"2026-05-09 19:45:50"}
{"level":"error","message":"Not authorised - Token is invalid","timestamp":"2026-05-09 19:45:57"}
{"0":"2","1":"0","10":"T","11":"1","12":"8","13":":","14":"4","15":"5","16":":","17":"5","18":"7","19":".","2":"2","20":"1","21":"0","22":"9","23":"Z","3":"6","4":"-","5":"0","6":"5","7":"-","8":"0","9":"9","level":"error","message":"[Error]: Not authorised - Token is invalid","timestamp":"2026-05-09 19:45:57"}
{"level":"info","message":"::1 - - [09/May/2026:18:45:57 +0000] \"GET /api/users HTTP/1.1\" 401 109 \"-\" \"PostmanRuntime/7.53.0\"","timestamp":"2026-05-09 19:45:57"}
{"level":"info","message":"Server running on http://localhost:8900","timestamp":"2026-05-09 23:24:45"}
{"level":"info","message":"login accessed by ::1","timestamp":"2026-05-09 23:24:53"}
{"level":"info","message":"::1 - - [09/May/2026:22:24:53 +0000] \"POST /api/login HTTP/1.1\" 202 219 \"-\" \"PostmanRuntime/7.53.0\"","timestamp":"2026-05-09 23:24:53"}
{"level":"info","message":"users accessed by ::1","timestamp":"2026-05-09 23:25:00"}
{"level":"info","message":"::1 - - [09/May/2026:22:25:00 +0000] \"GET /api/users HTTP/1.1\" 200 213 \"-\" \"PostmanRuntime/7.53.0\"","timestamp":"2026-05-09 23:25:00"}
{"level":"info","message":"Server running on http://localhost:8900","timestamp":"2026-05-10 00:44:17"}
{"level":"error","message":"Data Source initialised","timestamp":"2026-05-10 01:45:58"}
{"level":"info","message":"Server running on http://localhost:8900","timestamp":"2026-05-10 01:45:58"}
{"level":"error","message":"Data Source initialised","timestamp":"2026-05-10 01:47:07"}
{"level":"info","message":"Server running on http://localhost:8900","timestamp":"2026-05-10 01:47:07"}
{"level":"info","message":"Data Source initialised","timestamp":"2026-05-10 01:47:14"}
{"level":"info","message":"Server running on http://localhost:8900","timestamp":"2026-05-10 01:47:14"}
{"level":"info","message":"Data Source initialised","timestamp":"2026-05-10 01:47:20"}
{"level":"info","message":"Server running on http://localhost:8900","timestamp":"2026-05-10 01:47:20"}
{"level":"info","message":"Data Source initialised","timestamp":"2026-05-10 01:47:40"}
{"level":"info","message":"Server running on http://localhost:8900","timestamp":"2026-05-10 01:47:40"}
{"level":"info","message":"Data Source initialised","timestamp":"2026-05-11 19:59:10"}
{"level":"info","message":"Server running on http://localhost:8900","timestamp":"2026-05-11 19:59:10"}
{"level":"error","message":"Not authorised - Token is invalid","timestamp":"2026-05-11 19:59:32"}
{"0":"2","1":"0","10":"T","11":"1","12":"8","13":":","14":"5","15":"9","16":":","17":"3","18":"2","19":".","2":"2","20":"6","21":"1","22":"5","23":"Z","3":"6","4":"-","5":"0","6":"5","7":"-","8":"1","9":"1","level":"error","message":"[Error]: Not authorised - Token is invalid","timestamp":"2026-05-11 19:59:32"}
{"level":"info","message":"::1 - - [11/May/2026:18:59:32 +0000] \"GET /api/users HTTP/1.1\" 401 109 \"-\" \"PostmanRuntime/7.53.0\"","timestamp":"2026-05-11 19:59:32"}
{"level":"error","message":"Not authorised - Token not found","timestamp":"2026-05-11 20:00:37"}
{"0":"2","1":"0","10":"T","11":"1","12":"9","13":":","14":"0","15":"0","16":":","17":"3","18":"7","19":".","2":"2","20":"3","21":"4","22":"9","23":"Z","3":"6","4":"-","5":"0","6":"5","7":"-","8":"1","9":"1","level":"error","message":"[Error]: Not authorised - Token not found","timestamp":"2026-05-11 20:00:37"}
{"level":"info","message":"::1 - - [11/May/2026:19:00:37 +0000] \"GET /api/roles HTTP/1.1\" 401 108 \"-\" \"PostmanRuntime/7.53.0\"","timestamp":"2026-05-11 20:00:37"}
{"level":"info","message":"login accessed by ::1","timestamp":"2026-05-11 20:00:43"}
{"level":"info","message":"::1 - - [11/May/2026:19:00:43 +0000] \"POST /api/login HTTP/1.1\" 202 219 \"-\" \"PostmanRuntime/7.53.0\"","timestamp":"2026-05-11 20:00:43"}
{"level":"error","message":"Not authorised - Token not found","timestamp":"2026-05-11 20:00:52"}
{"0":"2","1":"0","10":"T","11":"1","12":"9","13":":","14":"0","15":"0","16":":","17":"5","18":"2","19":".","2":"2","20":"9","21":"4","22":"6","23":"Z","3":"6","4":"-","5":"0","6":"5","7":"-","8":"1","9":"1","level":"error","message":"[Error]: Not authorised - Token not found","timestamp":"2026-05-11 20:00:52"}
{"level":"info","message":"::1 - - [11/May/2026:19:00:52 +0000] \"GET /api/roles HTTP/1.1\" 401 108 \"-\" \"PostmanRuntime/7.53.0\"","timestamp":"2026-05-11 20:00:52"}
{"level":"error","message":"Not authorised - Token not found","timestamp":"2026-05-11 20:00:59"}
{"0":"2","1":"0","10":"T","11":"1","12":"9","13":":","14":"0","15":"0","16":":","17":"5","18":"9","19":".","2":"2","20":"3","21":"5","22":"4","23":"Z","3":"6","4":"-","5":"0","6":"5","7":"-","8":"1","9":"1","level":"error","message":"[Error]: Not authorised - Token not found","timestamp":"2026-05-11 20:00:59"}
{"level":"info","message":"::1 - - [11/May/2026:19:00:59 +0000] \"GET /api/roles HTTP/1.1\" 401 108 \"-\" \"PostmanRuntime/7.53.0\"","timestamp":"2026-05-11 20:00:59"}
{"level":"info","message":"login accessed by ::1","timestamp":"2026-05-11 20:01:03"}
{"level":"info","message":"::1 - - [11/May/2026:19:01:03 +0000] \"POST /api/login HTTP/1.1\" 202 219 \"-\" \"PostmanRuntime/7.53.0\"","timestamp":"2026-05-11 20:01:03"}
{"level":"error","message":"Not authorised - Token not found","timestamp":"2026-05-11 20:01:12"}
{"0":"2","1":"0","10":"T","11":"1","12":"9","13":":","14":"0","15":"1","16":":","17":"1","18":"2","19":".","2":"2","20":"9","21":"0","22":"1","23":"Z","3":"6","4":"-","5":"0","6":"5","7":"-","8":"1","9":"1","level":"error","message":"[Error]: Not authorised - Token not found","timestamp":"2026-05-11 20:01:12"}
{"level":"info","message":"::1 - - [11/May/2026:19:01:12 +0000] \"GET /api/roles HTTP/1.1\" 401 108 \"-\" \"PostmanRuntime/7.53.0\"","timestamp":"2026-05-11 20:01:12"}
{"level":"info","message":"login accessed by ::1","timestamp":"2026-05-11 20:01:26"}
{"level":"info","message":"::1 - - [11/May/2026:19:01:26 +0000] \"POST /api/login HTTP/1.1\" 202 217 \"-\" \"PostmanRuntime/7.53.0\"","timestamp":"2026-05-11 20:01:26"}
{"level":"error","message":"Not authorised - Token not found","timestamp":"2026-05-11 20:01:30"}
{"0":"2","1":"0","10":"T","11":"1","12":"9","13":":","14":"0","15":"1","16":":","17":"3","18":"0","19":".","2":"2","20":"3","21":"7","22":"4","23":"Z","3":"6","4":"-","5":"0","6":"5","7":"-","8":"1","9":"1","level":"error","message":"[Error]: Not authorised - Token not found","timestamp":"2026-05-11 20:01:30"}
{"level":"info","message":"::1 - - [11/May/2026:19:01:30 +0000] \"GET /api/roles HTTP/1.1\" 401 108 \"-\" \"PostmanRuntime/7.53.0\"","timestamp":"2026-05-11 20:01:30"}
{"level":"info","message":"users accessed by ::1","timestamp":"2026-05-11 20:01:39"}
{"level":"info","message":"::1 - - [11/May/2026:19:01:39 +0000] \"GET /api/users HTTP/1.1\" 200 380 \"-\" \"PostmanRuntime/7.53.0\"","timestamp":"2026-05-11 20:01:39"}
{"level":"error","message":"Not authorised - Token not found","timestamp":"2026-05-11 20:01:44"}
{"0":"2","1":"0","10":"T","11":"1","12":"9","13":":","14":"0","15":"1","16":":","17":"4","18":"4","19":".","2":"2","20":"0","21":"7","22":"3","23":"Z","3":"6","4":"-","5":"0","6":"5","7":"-","8":"1","9":"1","level":"error","message":"[Error]: Not authorised - Token not found","timestamp":"2026-05-11 20:01:44"}
{"level":"info","message":"::1 - - [11/May/2026:19:01:44 +0000] \"GET /api/roles HTTP/1.1\" 401 108 \"-\" \"PostmanRuntime/7.53.0\"","timestamp":"2026-05-11 20:01:44"}
{"level":"info","message":"roles accessed by ::1","timestamp":"2026-05-11 20:08:00"}
{"level":"info","message":"::1 - - [11/May/2026:19:08:00 +0000] \"GET /api/roles HTTP/1.1\" 200 84 \"-\" \"PostmanRuntime/7.53.0\"","timestamp":"2026-05-11 20:08:00"}
{"level":"info","message":"login accessed by ::1","timestamp":"2026-05-11 20:08:22"}
{"level":"info","message":"::1 - - [11/May/2026:19:08:22 +0000] \"POST /api/login HTTP/1.1\" 202 219 \"-\" \"PostmanRuntime/7.53.0\"","timestamp":"2026-05-11 20:08:22"}
{"level":"info","message":"roles accessed by ::1","timestamp":"2026-05-11 20:08:26"}
{"0":"2","1":"0","10":"T","11":"1","12":"9","13":":","14":"0","15":"8","16":":","17":"2","18":"6","19":".","2":"2","20":"2","21":"0","22":"3","23":"Z","3":"6","4":"-","5":"0","6":"5","7":"-","8":"1","9":"1","level":"error","message":"[Error]: Admins only","timestamp":"2026-05-11 20:08:26"}
{"level":"info","message":"::1 - - [11/May/2026:19:08:26 +0000] \"GET /api/roles HTTP/1.1\" 403 87 \"-\" \"PostmanRuntime/7.53.0\"","timestamp":"2026-05-11 20:08:26"}
{"level":"error","message":"Not authorised - Token not found","timestamp":"2026-05-11 20:08:40"}
{"0":"2","1":"0","10":"T","11":"1","12":"9","13":":","14":"0","15":"8","16":":","17":"4","18":"0","19":".","2":"2","20":"3","21":"1","22":"8","23":"Z","3":"6","4":"-","5":"0","6":"5","7":"-","8":"1","9":"1","level":"error","message":"[Error]: Not authorised - Token not found","timestamp":"2026-05-11 20:08:40"}
{"level":"info","message":"::1 - - [11/May/2026:19:08:40 +0000] \"GET /api/roles HTTP/1.1\" 401 108 \"-\" \"PostmanRuntime/7.53.0\"","timestamp":"2026-05-11 20:08:40"}
{"level":"info","message":"login accessed by ::1","timestamp":"2026-05-11 20:09:07"}
{"level":"info","message":"::1 - - [11/May/2026:19:09:07 +0000] \"POST /api/login HTTP/1.1\" 202 219 \"-\" \"PostmanRuntime/7.53.0\"","timestamp":"2026-05-11 20:09:07"}
{"level":"info","message":"roles accessed by ::1","timestamp":"2026-05-11 20:09:15"}
{"0":"2","1":"0","10":"T","11":"1","12":"9","13":":","14":"0","15":"9","16":":","17":"1","18":"5","19":".","2":"2","20":"0","21":"1","22":"3","23":"Z","3":"6","4":"-","5":"0","6":"5","7":"-","8":"1","9":"1","level":"error","message":"[Error]: Admins only","timestamp":"2026-05-11 20:09:15"}
{"level":"info","message":"::1 - - [11/May/2026:19:09:15 +0000] \"GET /api/roles HTTP/1.1\" 403 87 \"-\" \"PostmanRuntime/7.53.0\"","timestamp":"2026-05-11 20:09:15"}
{"level":"info","message":"Data Source initialised","timestamp":"2026-05-11 20:15:20"}
{"level":"info","message":"Server running on http://localhost:8900","timestamp":"2026-05-11 20:15:20"}
{"level":"info","message":"Data Source initialised","timestamp":"2026-05-11 20:17:01"}
{"level":"info","message":"Server running on http://localhost:8900","timestamp":"2026-05-11 20:17:01"}
{"level":"info","message":"Data Source initialised","timestamp":"2026-05-11 20:18:52"}
{"level":"info","message":"Server running on http://localhost:8900","timestamp":"2026-05-11 20:18:52"}
{"level":"info","message":"Data Source initialised","timestamp":"2026-05-11 20:18:57"}
{"level":"info","message":"Server running on http://localhost:8900","timestamp":"2026-05-11 20:18:57"}
{"level":"info","message":"Data Source initialised","timestamp":"2026-05-11 20:19:35"}
{"level":"info","message":"Server running on http://localhost:8900","timestamp":"2026-05-11 20:19:35"}
{"level":"info","message":"users accessed by ::1","timestamp":"2026-05-11 20:19:38"}
{"level":"info","message":"::1 - - [11/May/2026:19:19:38 +0000] \"GET /api/users HTTP/1.1\" 200 380 \"-\" \"PostmanRuntime/7.53.0\"","timestamp":"2026-05-11 20:19:38"}
{"level":"info","message":"login accessed by ::1","timestamp":"2026-05-11 20:19:42"}
{"level":"info","message":"::1 - - [11/May/2026:19:19:42 +0000] \"POST /api/login HTTP/1.1\" 202 219 \"-\" \"PostmanRuntime/7.53.0\"","timestamp":"2026-05-11 20:19:42"}
{"level":"info","message":"roles accessed by ::1","timestamp":"2026-05-11 20:19:46"}
{"level":"unauthorised","message":"Unauthorised access attempt by staff1@email.com (role: staff)","timestamp":"2026-05-11 20:19:46"}
{"0":"2","1":"0","10":"T","11":"1","12":"9","13":":","14":"1","15":"9","16":":","17":"4","18":"6","19":".","2":"2","20":"0","21":"5","22":"9","23":"Z","3":"6","4":"-","5":"0","6":"5","7":"-","8":"1","9":"1","level":"error","message":"[Error]: Admins only","timestamp":"2026-05-11 20:19:46"}
{"level":"info","message":"::1 - - [11/May/2026:19:19:46 +0000] \"GET /api/roles HTTP/1.1\" 403 87 \"-\" \"PostmanRuntime/7.53.0\"","timestamp":"2026-05-11 20:19:46"}
{"level":"info","message":"roles accessed by ::1","timestamp":"2026-05-11 20:20:03"}
{"level":"unauthorised","message":"Unauthorised access attempt by staff1@email.com (role: staff)","timestamp":"2026-05-11 20:20:03"}
{"0":"2","1":"0","10":"T","11":"1","12":"9","13":":","14":"2","15":"0","16":":","17":"0","18":"3","19":".","2":"2","20":"5","21":"1","22":"0","23":"Z","3":"6","4":"-","5":"0","6":"5","7":"-","8":"1","9":"1","level":"error","message":"[Error]: Admins only","timestamp":"2026-05-11 20:20:03"}
{"level":"info","message":"::1 - - [11/May/2026:19:20:03 +0000] \"GET /api/roles HTTP/1.1\" 403 87 \"-\" \"PostmanRuntime/7.53.0\"","timestamp":"2026-05-11 20:20:03"}
{"level":"info","message":"Data Source initialised","timestamp":"2026-05-11 20:22:29"}
{"level":"info","message":"Server running on http://localhost:8900","timestamp":"2026-05-11 20:22:29"}
{"level":"info","message":"Data Source initialised","timestamp":"2026-05-11 20:23:03"}
{"level":"info","message":"Server running on http://localhost:8900","timestamp":"2026-05-11 20:23:03"}
{"level":"info","message":"Data Source initialised","timestamp":"2026-05-11 20:24:21"}
{"level":"info","message":"Server running on http://localhost:8900","timestamp":"2026-05-11 20:24:21"}
{"level":"info","message":"Data Source initialised","timestamp":"2026-05-11 20:28:40"}
{"level":"info","message":"Server running on http://localhost:8900","timestamp":"2026-05-11 20:28:40"}
{"level":"info","message":"Data Source initialised","timestamp":"2026-05-11 20:29:51"}
{"level":"info","message":"Server running on http://localhost:8900","timestamp":"2026-05-11 20:29:51"}
{"level":"info","message":"roles accessed by ::1","timestamp":"2026-05-11 20:29:58"}
{"level":"warn","message":"Unauthorised access attempt by staff1@email.com (role: staff)","timestamp":"2026-05-11 20:29:58"}
{"0":"2","1":"0","10":"T","11":"1","12":"9","13":":","14":"2","15":"9","16":":","17":"5","18":"8","19":".","2":"2","20":"2","21":"8","22":"3","23":"Z","3":"6","4":"-","5":"0","6":"5","7":"-","8":"1","9":"1","level":"error","message":"[Error]: Admins only","timestamp":"2026-05-11 20:29:58"}
{"level":"info","message":"::1 - - [11/May/2026:19:29:58 +0000] \"GET /api/roles HTTP/1.1\" 403 87 \"-\" \"PostmanRuntime/7.53.0\"","timestamp":"2026-05-11 20:29:58"}
{"level":"info","message":"roles accessed by ::1","timestamp":"2026-05-11 20:30:02"}
{"level":"warn","message":"Unauthorised access attempt by staff1@email.com (role: staff)","timestamp":"2026-05-11 20:30:02"}
{"0":"2","1":"0","10":"T","11":"1","12":"9","13":":","14":"3","15":"0","16":":","17":"0","18":"2","19":".","2":"2","20":"4","21":"5","22":"4","23":"Z","3":"6","4":"-","5":"0","6":"5","7":"-","8":"1","9":"1","level":"error","message":"[Error]: Admins only","timestamp":"2026-05-11 20:30:02"}
{"level":"info","message":"::1 - - [11/May/2026:19:30:02 +0000] \"GET /api/roles HTTP/1.1\" 403 87 \"-\" \"PostmanRuntime/7.53.0\"","timestamp":"2026-05-11 20:30:02"}
{"level":"info","message":"Data Source initialised","timestamp":"2026-05-11 20:32:49"}
{"level":"info","message":"Server running on http://localhost:8900","timestamp":"2026-05-11 20:32:49"}
{"level":"info","message":"roles accessed by ::1","timestamp":"2026-05-11 20:32:52"}
{"level":"warn","message":"Unauthorised access attempt by staff1@email.com (role: staff)","timestamp":"2026-05-11 20:32:52"}
{"0":"2","1":"0","10":"T","11":"1","12":"9","13":":","14":"3","15":"2","16":":","17":"5","18":"2","19":".","2":"2","20":"2","21":"3","22":"9","23":"Z","3":"6","4":"-","5":"0","6":"5","7":"-","8":"1","9":"1","level":"error","message":"[Error]: Admins only","timestamp":"2026-05-11 20:32:52"}
{"level":"info","message":"::1 - - [11/May/2026:19:32:52 +0000] \"GET /api/roles HTTP/1.1\" 403 87 \"-\" \"PostmanRuntime/7.53.0\"","timestamp":"2026-05-11 20:32:52"}
{"level":"info","message":"Data Source initialised","timestamp":"2026-05-11 20:33:20"}
{"level":"info","message":"Server running on http://localhost:8900","timestamp":"2026-05-11 20:33:20"}
{"level":"info","message":"roles accessed by ::1","timestamp":"2026-05-11 20:33:33"}
{"level":"warn","message":"Unauthorised access attempt by staff1@email.com (role: staff)","timestamp":"2026-05-11 20:33:33"}
{"0":"2","1":"0","10":"T","11":"1","12":"9","13":":","14":"3","15":"3","16":":","17":"3","18":"3","19":".","2":"2","20":"5","21":"8","22":"5","23":"Z","3":"6","4":"-","5":"0","6":"5","7":"-","8":"1","9":"1","level":"error","message":"[Error]: Admins only","timestamp":"2026-05-11 20:33:33"}
{"level":"info","message":"::1 - - [11/May/2026:19:33:33 +0000] \"GET /api/roles HTTP/1.1\" 403 87 \"-\" \"PostmanRuntime/7.53.0\"","timestamp":"2026-05-11 20:33:33"}
{"level":"info","message":"Data Source initialised","timestamp":"2026-05-11 20:36:22"}
{"level":"info","message":"Server running on http://localhost:8900","timestamp":"2026-05-11 20:36:22"}
{"level":"info","message":"roles accessed by ::1","timestamp":"2026-05-11 20:36:24"}
{"level":"warn","message":"Unauthorised access attempt by staff1@email.com (role: staff)","timestamp":"2026-05-11 20:36:24"}
{"0":"2","1":"0","10":"T","11":"1","12":"9","13":":","14":"3","15":"6","16":":","17":"2","18":"4","19":".","2":"2","20":"9","21":"9","22":"8","23":"Z","3":"6","4":"-","5":"0","6":"5","7":"-","8":"1","9":"1","level":"error","message":"[Error]: Admins only","timestamp":"2026-05-11 20:36:24"}
{"level":"info","message":"::1 - - [11/May/2026:19:36:25 +0000] \"GET /api/roles HTTP/1.1\" 403 87 \"-\" \"PostmanRuntime/7.53.0\"","timestamp":"2026-05-11 20:36:25"}
{"level":"info","message":"roles accessed by ::1","timestamp":"2026-05-11 20:36:28"}
{"level":"warn","message":"Unauthorised access attempt by staff1@email.com (role: staff)","timestamp":"2026-05-11 20:36:28"}
{"0":"2","1":"0","10":"T","11":"1","12":"9","13":":","14":"3","15":"6","16":":","17":"2","18":"8","19":".","2":"2","20":"9","21":"1","22":"6","23":"Z","3":"6","4":"-","5":"0","6":"5","7":"-","8":"1","9":"1","level":"error","message":"[Error]: Admins only","timestamp":"2026-05-11 20:36:28"}
{"level":"info","message":"::1 - - [11/May/2026:19:36:28 +0000] \"GET /api/roles HTTP/1.1\" 403 87 \"-\" \"PostmanRuntime/7.53.0\"","timestamp":"2026-05-11 20:36:28"}
{"level":"info","message":"roles accessed by ::1","timestamp":"2026-05-11 20:36:34"}
{"level":"warn","message":"Unauthorised access attempt by staff1@email.com (role: staff)","timestamp":"2026-05-11 20:36:34"}
{"0":"2","1":"0","10":"T","11":"1","12":"9","13":":","14":"3","15":"6","16":":","17":"3","18":"4","19":".","2":"2","20":"3","21":"6","22":"8","23":"Z","3":"6","4":"-","5":"0","6":"5","7":"-","8":"1","9":"1","level":"error","message":"[Error]: Admins only","timestamp":"2026-05-11 20:36:34"}
{"level":"info","message":"::1 - - [11/May/2026:19:36:34 +0000] \"GET /api/roles HTTP/1.1\" 403 87 \"-\" \"PostmanRuntime/7.53.0\"","timestamp":"2026-05-11 20:36:34"}
{"level":"info","message":"roles accessed by ::1","timestamp":"2026-05-11 20:36:43"}
{"level":"warn","message":"Unauthorised access attempt by staff1@email.com (role: staff)","timestamp":"2026-05-11 20:36:43"}
{"0":"2","1":"0","10":"T","11":"1","12":"9","13":":","14":"3","15":"6","16":":","17":"4","18":"3","19":".","2":"2","20":"9","21":"4","22":"0","23":"Z","3":"6","4":"-","5":"0","6":"5","7":"-","8":"1","9":"1","level":"error","message":"[Error]: Admins only","timestamp":"2026-05-11 20:36:43"}
{"level":"info","message":"::1 - - [11/May/2026:19:36:43 +0000] \"GET /api/roles HTTP/1.1\" 403 87 \"-\" \"PostmanRuntime/7.53.0\"","timestamp":"2026-05-11 20:36:43"}
{"level":"info","message":"Data Source initialised","timestamp":"2026-05-11 20:38:52"}
{"level":"info","message":"Server running on http://localhost:8900","timestamp":"2026-05-11 20:38:52"}
{"level":"info","message":"Data Source initialised","timestamp":"2026-05-11 20:39:35"}
{"level":"info","message":"Server running on http://localhost:8900","timestamp":"2026-05-11 20:39:35"}
{"level":"info","message":"Data Source initialised","timestamp":"2026-05-11 20:39:50"}
{"level":"info","message":"Server running on http://localhost:8900","timestamp":"2026-05-11 20:39:50"}
{"level":"info","message":"Data Source initialised","timestamp":"2026-05-11 21:35:43"}
{"level":"info","message":"Server running on http://localhost:8900","timestamp":"2026-05-11 21:35:43"}
{"level":"info","message":"users accessed by ::1","timestamp":"2026-05-11 21:37:22"}
{"level":"warn","message":"Unauthorised access attempt by staff1@email.com (role: staff)","timestamp":"2026-05-11 21:37:22"}
{"0":"2","1":"0","10":"T","11":"2","12":"0","13":":","14":"3","15":"7","16":":","17":"2","18":"2","19":".","2":"2","20":"5","21":"3","22":"7","23":"Z","3":"6","4":"-","5":"0","6":"5","7":"-","8":"1","9":"1","level":"error","message":"[Error]: Admins only","timestamp":"2026-05-11 21:37:22"}
{"level":"info","message":"::1 - - [11/May/2026:20:37:22 +0000] \"POST /api/users HTTP/1.1\" 403 87 \"-\" \"PostmanRuntime/7.53.0\"","timestamp":"2026-05-11 21:37:22"}
{"level":"info","message":"login accessed by ::1","timestamp":"2026-05-11 21:37:26"}
{"level":"info","message":"::1 - - [11/May/2026:20:37:26 +0000] \"POST /api/login HTTP/1.1\" 202 217 \"-\" \"PostmanRuntime/7.53.0\"","timestamp":"2026-05-11 21:37:26"}
{"level":"info","message":"users accessed by ::1","timestamp":"2026-05-11 21:37:31"}
{"0":"2","1":"0","10":"T","11":"2","12":"0","13":":","14":"3","15":"7","16":":","17":"3","18":"1","19":".","2":"2","20":"0","21":"5","22":"2","23":"Z","3":"6","4":"-","5":"0","6":"5","7":"-","8":"1","9":"1","level":"error","message":"[Error]: User requires a Firstname, User requires a surname","timestamp":"2026-05-11 21:37:31"}
{"level":"info","message":"::1 - - [11/May/2026:20:37:31 +0000] \"POST /api/users HTTP/1.1\" 400 126 \"-\" \"PostmanRuntime/7.53.0\"","timestamp":"2026-05-11 21:37:31"}
{"level":"info","message":"Data Source initialised","timestamp":"2026-05-11 21:40:32"}
{"level":"info","message":"Server running on http://localhost:8900","timestamp":"2026-05-11 21:40:32"}
{"level":"info","message":"users accessed by ::1","timestamp":"2026-05-11 21:40:38"}
{"0":"2","1":"0","10":"T","11":"2","12":"0","13":":","14":"4","15":"0","16":":","17":"3","18":"8","19":".","2":"2","20":"1","21":"9","22":"2","23":"Z","3":"6","4":"-","5":"0","6":"5","7":"-","8":"1","9":"1","level":"error","message":"[Error]: Duplicate entry 'staff1@email.com' for key 'email'","timestamp":"2026-05-11 21:40:38"}
{"level":"info","message":"::1 - - [11/May/2026:20:40:38 +0000] \"POST /api/users HTTP/1.1\" 400 126 \"-\" \"PostmanRuntime/7.53.0\"","timestamp":"2026-05-11 21:40:38"}
{"level":"info","message":"users accessed by ::1","timestamp":"2026-05-11 21:40:45"}
{"level":"info","message":"::1 - - [11/May/2026:20:40:45 +0000] \"POST /api/users HTTP/1.1\" 201 117 \"-\" \"PostmanRuntime/7.53.0\"","timestamp":"2026-05-11 21:40:45"}
{"level":"info","message":"users accessed by ::1","timestamp":"2026-05-11 21:41:21"}
{"level":"info","message":"::1 - - [11/May/2026:20:41:22 +0000] \"POST /api/users HTTP/1.1\" 201 117 \"-\" \"PostmanRuntime/7.53.0\"","timestamp":"2026-05-11 21:41:22"}
{"level":"info","message":"users accessed by ::1","timestamp":"2026-05-11 21:41:36"}
{"level":"info","message":"::1 - - [11/May/2026:20:41:36 +0000] \"POST /api/users HTTP/1.1\" 201 119 \"-\" \"PostmanRuntime/7.53.0\"","timestamp":"2026-05-11 21:41:36"}
{"level":"info","message":"users accessed by ::1","timestamp":"2026-05-11 21:42:56"}
{"level":"info","message":"::1 - - [11/May/2026:20:42:56 +0000] \"POST /api/users HTTP/1.1\" 201 121 \"-\" \"PostmanRuntime/7.53.0\"","timestamp":"2026-05-11 21:42:56"}
{"level":"info","message":"Data Source initialised","timestamp":"2026-05-11 21:43:52"}
{"level":"info","message":"Server running on http://localhost:8900","timestamp":"2026-05-11 21:43:52"}
{"level":"info","message":"Data Source initialised","timestamp":"2026-05-11 21:44:17"}
{"level":"info","message":"Server running on http://localhost:8900","timestamp":"2026-05-11 21:44:17"}
{"level":"info","message":"Data Source initialised","timestamp":"2026-05-11 21:44:36"}
{"level":"info","message":"Server running on http://localhost:8900","timestamp":"2026-05-11 21:44:36"}
{"level":"info","message":"roles accessed by ::1","timestamp":"2026-05-11 21:44:56"}
{"level":"info","message":"::1 - - [11/May/2026:20:44:56 +0000] \"POST /api/roles HTTP/1.1\" 201 31 \"-\" \"PostmanRuntime/7.53.0\"","timestamp":"2026-05-11 21:44:56"}
{"level":"info","message":"roles accessed by ::1","timestamp":"2026-05-11 21:45:02"}
{"level":"info","message":"::1 - - [11/May/2026:20:45:02 +0000] \"DELETE /api/roles/6 HTTP/1.1\" 200 23 \"-\" \"PostmanRuntime/7.53.0\"","timestamp":"2026-05-11 21:45:02"}
{"level":"info","message":"users accessed by ::1","timestamp":"2026-05-11 21:45:32"}
{"level":"info","message":"::1 - - [11/May/2026:20:45:32 +0000] \"POST /api/users HTTP/1.1\" 201 118 \"-\" \"PostmanRuntime/7.53.0\"","timestamp":"2026-05-11 21:45:32"}
{"level":"info","message":"users accessed by ::1","timestamp":"2026-05-11 21:45:48"}
{"level":"info","message":"::1 - - [11/May/2026:20:45:48 +0000] \"DELETE /api/users/9 HTTP/1.1\" 200 23 \"-\" \"PostmanRuntime/7.53.0\"","timestamp":"2026-05-11 21:45:48"}
{"level":"info","message":"Data Source initialised","timestamp":"2026-05-11 21:47:28"}
{"level":"info","message":"Server running on http://localhost:8900","timestamp":"2026-05-11 21:47:28"}
{"level":"info","message":"Data Source initialised","timestamp":"2026-05-11 21:47:46"}
{"level":"info","message":"Server running on http://localhost:8900","timestamp":"2026-05-11 21:47:46"}
{"level":"info","message":"Data Source initialised","timestamp":"2026-05-11 21:48:47"}
{"level":"info","message":"Server running on http://localhost:8900","timestamp":"2026-05-11 21:48:47"}
{"level":"info","message":"Data Source initialised","timestamp":"2026-05-11 21:48:51"}
{"level":"info","message":"Server running on http://localhost:8900","timestamp":"2026-05-11 21:48:51"}
{"level":"info","message":"Data Source initialised","timestamp":"2026-05-11 21:49:30"}
{"level":"info","message":"Server running on http://localhost:8900","timestamp":"2026-05-11 21:49:30"}
{"level":"info","message":"Data Source initialised","timestamp":"2026-05-11 21:49:36"}
{"level":"info","message":"Server running on http://localhost:8900","timestamp":"2026-05-11 21:49:36"}
{"level":"info","message":"Data Source initialised","timestamp":"2026-05-11 21:50:55"}
{"level":"info","message":"Server running on http://localhost:8900","timestamp":"2026-05-11 21:50:55"}
{"level":"info","message":"Data Source initialised","timestamp":"2026-05-11 21:51:03"}
{"level":"info","message":"Server running on http://localhost:8900","timestamp":"2026-05-11 21:51:03"}
{"level":"info","message":"Data Source initialised","timestamp":"2026-05-11 21:51:41"}
{"level":"info","message":"Server running on http://localhost:8900","timestamp":"2026-05-11 21:51:41"}
{"level":"info","message":"Data Source initialised","timestamp":"2026-05-11 21:52:20"}
{"level":"info","message":"Server running on http://localhost:8900","timestamp":"2026-05-11 21:52:20"}
{"level":"info","message":"Data Source initialised","timestamp":"2026-05-11 21:52:55"}
{"level":"info","message":"Server running on http://localhost:8900","timestamp":"2026-05-11 21:52:55"}
{"level":"info","message":"Data Source initialised","timestamp":"2026-05-11 21:53:32"}
{"level":"info","message":"Server running on http://localhost:8900","timestamp":"2026-05-11 21:53:32"}
{"level":"info","message":"Data Source initialised","timestamp":"2026-05-11 21:55:04"}
{"level":"info","message":"Server running on http://localhost:8900","timestamp":"2026-05-11 21:55:04"}
{"level":"info","message":"Data Source initialised","timestamp":"2026-05-11 21:55:23"}
{"level":"info","message":"Server running on http://localhost:8900","timestamp":"2026-05-11 21:55:23"}
{"level":"info","message":"Data Source initialised","timestamp":"2026-05-11 21:55:47"}
{"level":"info","message":"Server running on http://localhost:8900","timestamp":"2026-05-11 21:55:47"}
{"level":"info","message":"Data Source initialised","timestamp":"2026-05-11 21:56:03"}
{"level":"info","message":"Server running on http://localhost:8900","timestamp":"2026-05-11 21:56:03"}
{"level":"info","message":"Data Source initialised","timestamp":"2026-05-11 21:57:11"}
{"level":"info","message":"Server running on http://localhost:8900","timestamp":"2026-05-11 21:57:11"}
{"level":"info","message":"Data Source initialised","timestamp":"2026-05-11 22:00:07"}
{"level":"info","message":"Server running on http://localhost:8900","timestamp":"2026-05-11 22:00:07"}
{"level":"info","message":"Data Source initialised","timestamp":"2026-05-11 22:02:25"}
{"level":"info","message":"Server running on http://localhost:8900","timestamp":"2026-05-11 22:02:25"}
{"level":"info","message":"Data Source initialised","timestamp":"2026-05-11 22:03:50"}
{"level":"info","message":"Server running on http://localhost:8900","timestamp":"2026-05-11 22:03:50"}
{"level":"info","message":"users accessed by ::1","timestamp":"2026-05-11 22:12:36"}
{"level":"info","message":"::1 - - [11/May/2026:21:12:36 +0000] \"PATCH /api/users/8 HTTP/1.1\" 200 142 \"-\" \"PostmanRuntime/7.53.0\"","timestamp":"2026-05-11 22:12:36"}
{"level":"info","message":"Data Source initialised","timestamp":"2026-05-11 22:16:26"}
{"level":"info","message":"Server running on http://localhost:8900","timestamp":"2026-05-11 22:16:26"}
{"level":"info","message":"users accessed by ::1","timestamp":"2026-05-11 22:16:53"}
{"level":"info","message":"::1 - - [11/May/2026:21:16:53 +0000] \"POST /api/users HTTP/1.1\" 201 119 \"-\" \"PostmanRuntime/7.53.0\"","timestamp":"2026-05-11 22:16:53"}
{"level":"info","message":"users accessed by ::1","timestamp":"2026-05-11 22:17:36"}
{"0":"2","1":"0","10":"T","11":"2","12":"1","13":":","14":"1","15":"7","16":":","17":"3","18":"6","19":".","2":"2","20":"8","21":"5","22":"0","23":"Z","3":"6","4":"-","5":"0","6":"5","7":"-","8":"1","9":"1","level":"error","message":"[Error]: User not found","timestamp":"2026-05-11 22:17:36"}
{"level":"info","message":"::1 - - [11/May/2026:21:17:36 +0000] \"PATCH /api/users/9 HTTP/1.1\" 404 90 \"-\" \"PostmanRuntime/7.53.0\"","timestamp":"2026-05-11 22:17:36"}
{"level":"info","message":"users accessed by ::1","timestamp":"2026-05-11 22:17:51"}
{"0":"2","1":"0","10":"T","11":"2","12":"1","13":":","14":"1","15":"7","16":":","17":"5","18":"1","19":".","2":"2","20":"8","21":"4","22":"6","23":"Z","3":"6","4":"-","5":"0","6":"5","7":"-","8":"1","9":"1","level":"error","message":"[Error]: Password must be at least 10 characters long,Password cannot be empty or whitespace,password must be a string","timestamp":"2026-05-11 22:17:51"}
{"level":"info","message":"::1 - - [11/May/2026:21:17:51 +0000] \"PATCH /api/users/10 HTTP/1.1\" 400 185 \"-\" \"PostmanRuntime/7.53.0\"","timestamp":"2026-05-11 22:17:51"}
{"level":"info","message":"Data Source initialised","timestamp":"2026-05-11 22:18:20"}
{"level":"info","message":"Server running on http://localhost:8900","timestamp":"2026-05-11 22:18:20"}
{"level":"info","message":"Data Source initialised","timestamp":"2026-05-11 22:18:26"}
{"level":"info","message":"Server running on http://localhost:8900","timestamp":"2026-05-11 22:18:26"}
{"level":"info","message":"users accessed by ::1","timestamp":"2026-05-11 22:18:34"}
{"0":"2","1":"0","10":"T","11":"2","12":"1","13":":","14":"1","15":"8","16":":","17":"3","18":"4","19":".","2":"2","20":"9","21":"9","22":"5","23":"Z","3":"6","4":"-","5":"0","6":"5","7":"-","8":"1","9":"1","level":"error","message":"[Error]: Password must be at least 10 characters long,Password cannot be empty or whitespace,password must be a string","timestamp":"2026-05-11 22:18:34"}
{"level":"info","message":"::1 - - [11/May/2026:21:18:34 +0000] \"PATCH /api/users/10 HTTP/1.1\" 400 185 \"-\" \"PostmanRuntime/7.53.0\"","timestamp":"2026-05-11 22:18:34"}
{"level":"info","message":"Data Source initialised","timestamp":"2026-05-11 22:18:41"}
{"level":"info","message":"Server running on http://localhost:8900","timestamp":"2026-05-11 22:18:41"}
{"level":"info","message":"Data Source initialised","timestamp":"2026-05-11 22:18:45"}
{"level":"info","message":"Server running on http://localhost:8900","timestamp":"2026-05-11 22:18:45"}
{"level":"info","message":"Data Source initialised","timestamp":"2026-05-11 22:20:22"}
{"level":"info","message":"Server running on http://localhost:8900","timestamp":"2026-05-11 22:20:22"}
{"level":"info","message":"login accessed by ::1","timestamp":"2026-05-11 22:20:28"}
{"level":"info","message":"::1 - - [11/May/2026:21:20:28 +0000] \"POST /api/login HTTP/1.1\" 202 217 \"-\" \"PostmanRuntime/7.53.0\"","timestamp":"2026-05-11 22:20:28"}
{"level":"info","message":"users accessed by ::1","timestamp":"2026-05-11 22:20:32"}
{"0":"2","1":"0","10":"T","11":"2","12":"1","13":":","14":"2","15":"0","16":":","17":"3","18":"2","19":".","2":"2","20":"8","21":"8","22":"1","23":"Z","3":"6","4":"-","5":"0","6":"5","7":"-","8":"1","9":"1","level":"error","message":"[Error]: Password must be at least 10 characters long,Password cannot be empty or whitespace,password must be a string","timestamp":"2026-05-11 22:20:32"}
{"level":"info","message":"::1 - - [11/May/2026:21:20:32 +0000] \"PATCH /api/users/10 HTTP/1.1\" 400 185 \"-\" \"PostmanRuntime/7.53.0\"","timestamp":"2026-05-11 22:20:32"}
{"level":"info","message":"Data Source initialised","timestamp":"2026-05-11 22:23:40"}
{"level":"info","message":"Server running on http://localhost:8900","timestamp":"2026-05-11 22:23:40"}
{"level":"info","message":"users accessed by ::1","timestamp":"2026-05-11 22:23:41"}
{"0":"2","1":"0","10":"T","11":"2","12":"1","13":":","14":"2","15":"3","16":":","17":"4","18":"1","19":".","2":"2","20":"4","21":"1","22":"7","23":"Z","3":"6","4":"-","5":"0","6":"5","7":"-","8":"1","9":"1","level":"error","message":"[Error]: Password must be at least 10 characters long,Password cannot be empty or whitespace,password must be a string","timestamp":"2026-05-11 22:23:41"}
{"level":"info","message":"::1 - - [11/May/2026:21:23:41 +0000] \"PATCH /api/users/10 HTTP/1.1\" 400 185 \"-\" \"PostmanRuntime/7.53.0\"","timestamp":"2026-05-11 22:23:41"}
{"level":"info","message":"Data Source initialised","timestamp":"2026-05-11 22:23:48"}
{"level":"info","message":"Server running on http://localhost:8900","timestamp":"2026-05-11 22:23:48"}
{"level":"info","message":"Data Source initialised","timestamp":"2026-05-11 22:23:56"}
{"level":"info","message":"Server running on http://localhost:8900","timestamp":"2026-05-11 22:23:56"}
{"level":"info","message":"Data Source initialised","timestamp":"2026-05-11 22:24:01"}
{"level":"info","message":"Server running on http://localhost:8900","timestamp":"2026-05-11 22:24:01"}
{"level":"info","message":"Data Source initialised","timestamp":"2026-05-11 22:25:03"}
{"level":"info","message":"Server running on http://localhost:8900","timestamp":"2026-05-11 22:25:03"}
{"level":"info","message":"users accessed by ::1","timestamp":"2026-05-11 22:25:05"}
{"level":"info","message":"::1 - - [11/May/2026:21:25:05 +0000] \"PATCH /api/users/10 HTTP/1.1\" 200 318 \"-\" \"PostmanRuntime/7.53.0\"","timestamp":"2026-05-11 22:25:05"}
{"level":"info","message":"users accessed by ::1","timestamp":"2026-05-11 22:25:23"}
{"level":"info","message":"::1 - - [11/May/2026:21:25:23 +0000] \"PATCH /api/users/10 HTTP/1.1\" 200 319 \"-\" \"PostmanRuntime/7.53.0\"","timestamp":"2026-05-11 22:25:23"}
{"level":"info","message":"users accessed by ::1","timestamp":"2026-05-11 22:25:28"}
{"level":"info","message":"::1 - - [11/May/2026:21:25:28 +0000] \"PATCH /api/users/10 HTTP/1.1\" 200 318 \"-\" \"PostmanRuntime/7.53.0\"","timestamp":"2026-05-11 22:25:28"}
{"level":"info","message":"Data Source initialised","timestamp":"2026-05-11 22:26:21"}
{"level":"info","message":"Server running on http://localhost:8900","timestamp":"2026-05-11 22:26:21"}
{"level":"info","message":"users accessed by ::1","timestamp":"2026-05-11 22:26:28"}
{"level":"info","message":"::1 - - [11/May/2026:21:26:28 +0000] \"PATCH /api/users/10 HTTP/1.1\" 200 318 \"-\" \"PostmanRuntime/7.53.0\"","timestamp":"2026-05-11 22:26:28"}
{"level":"info","message":"users accessed by ::1","timestamp":"2026-05-11 22:26:36"}
{"level":"info","message":"::1 - - [11/May/2026:21:26:36 +0000] \"PATCH /api/users/10 HTTP/1.1\" 200 318 \"-\" \"PostmanRuntime/7.53.0\"","timestamp":"2026-05-11 22:26:36"}
{"level":"info","message":"users accessed by ::1","timestamp":"2026-05-11 22:26:41"}
{"level":"info","message":"::1 - - [11/May/2026:21:26:41 +0000] \"PATCH /api/users/10 HTTP/1.1\" 200 318 \"-\" \"PostmanRuntime/7.53.0\"","timestamp":"2026-05-11 22:26:41"}
{"level":"info","message":"users accessed by ::1","timestamp":"2026-05-11 22:26:47"}
{"level":"info","message":"::1 - - [11/May/2026:21:26:47 +0000] \"PATCH /api/users/10 HTTP/1.1\" 200 303 \"-\" \"PostmanRuntime/7.53.0\"","timestamp":"2026-05-11 22:26:47"}
{"level":"info","message":"users accessed by ::1","timestamp":"2026-05-11 22:27:09"}
{"level":"info","message":"::1 - - [11/May/2026:21:27:09 +0000] \"PATCH /api/users/10 HTTP/1.1\" 200 303 \"-\" \"PostmanRuntime/7.53.0\"","timestamp":"2026-05-11 22:27:09"}
{"level":"info","message":"::1 - - [11/May/2026:22:24:20 +0000] \"POST /api/user_management HTTP/1.1\" 404 159 \"-\" \"PostmanRuntime/7.53.0\"","timestamp":"2026-05-11 23:24:20"}
{"level":"info","message":"::1 - - [11/May/2026:22:26:24 +0000] \"POST /api/user_management HTTP/1.1\" 404 159 \"-\" \"PostmanRuntime/7.53.0\"","timestamp":"2026-05-11 23:26:24"}
{"level":"error","message":"Expected ',' or '}' after property value in JSON at position 24 (line 3 column 5)","timestamp":"2026-05-11 23:27:03"}
{"0":"2","1":"0","10":"T","11":"2","12":"2","13":":","14":"2","15":"7","16":":","17":"0","18":"3","19":".","2":"2","20":"6","21":"6","22":"2","23":"Z","3":"6","4":"-","5":"0","6":"5","7":"-","8":"1","9":"1","level":"error","message":"[Error]: Expected ',' or '}' after property value in JSON at position 24 (line 3 column 5)","timestamp":"2026-05-11 23:27:03"}
{"level":"info","message":"::1 - - [11/May/2026:22:27:34 +0000] \"POST /api/user_management HTTP/1.1\" 404 159 \"-\" \"PostmanRuntime/7.53.0\"","timestamp":"2026-05-11 23:27:34"}
{"level":"info","message":"::1 - - [11/May/2026:22:33:51 +0000] \"POST /api/user_management HTTP/1.1\" 404 159 \"-\" \"PostmanRuntime/7.53.0\"","timestamp":"2026-05-11 23:33:51"}
{"level":"info","message":"::1 - - [11/May/2026:22:33:52 +0000] \"POST /api/user_management HTTP/1.1\" 404 159 \"-\" \"PostmanRuntime/7.53.0\"","timestamp":"2026-05-11 23:33:52"}
{"level":"info","message":"::1 - - [11/May/2026:22:33:53 +0000] \"POST /api/user_management HTTP/1.1\" 404 159 \"-\" \"PostmanRuntime/7.53.0\"","timestamp":"2026-05-11 23:33:53"}
{"level":"info","message":"login accessed by ::1","timestamp":"2026-05-11 23:35:01"}
{"level":"info","message":"::1 - - [11/May/2026:22:35:01 +0000] \"POST /api/login HTTP/1.1\" 202 217 \"-\" \"PostmanRuntime/7.53.0\"","timestamp":"2026-05-11 23:35:01"}
{"level":"info","message":"::1 - - [11/May/2026:22:35:04 +0000] \"GET /api/user_management HTTP/1.1\" 404 158 \"-\" \"PostmanRuntime/7.53.0\"","timestamp":"2026-05-11 23:35:04"}
{"level":"info","message":"::1 - - [11/May/2026:22:35:44 +0000] \"GET /api/user-management HTTP/1.1\" 404 158 \"-\" \"PostmanRuntime/7.53.0\"","timestamp":"2026-05-11 23:35:44"}
{"level":"info","message":"Data Source initialised","timestamp":"2026-05-11 23:36:22"}
{"level":"info","message":"Server running on http://localhost:8900","timestamp":"2026-05-11 23:36:22"}
{"level":"info","message":"user-management accessed by ::1","timestamp":"2026-05-11 23:36:33"}
{"0":"2","1":"0","10":"T","11":"2","12":"2","13":":","14":"3","15":"6","16":":","17":"3","18":"3","19":".","2":"2","20":"8","21":"9","22":"5","23":"Z","3":"6","4":"-","5":"0","6":"5","7":"-","8":"1","9":"1","level":"error","message":"[Error]: Failed to retrieve user management records: Table 'leaverequest_api.user_management' doesn't exist","timestamp":"2026-05-11 23:36:33"}
{"level":"info","message":"::1 - - [11/May/2026:22:36:33 +0000] \"GET /api/user-management HTTP/1.1\" 500 174 \"-\" \"PostmanRuntime/7.53.0\"","timestamp":"2026-05-11 23:36:33"}
{"level":"info","message":"user-management accessed by ::1","timestamp":"2026-05-11 23:36:42"}
{"0":"2","1":"0","10":"T","11":"2","12":"2","13":":","14":"3","15":"6","16":":","17":"4","18":"2","19":".","2":"2","20":"3","21":"4","22":"0","23":"Z","3":"6","4":"-","5":"0","6":"5","7":"-","8":"1","9":"1","level":"error","message":"[Error]: Table 'leaverequest_api.user_management' doesn't exist","timestamp":"2026-05-11 23:36:42"}
{"level":"info","message":"::1 - - [11/May/2026:22:36:42 +0000] \"POST /api/user-management HTTP/1.1\" 400 130 \"-\" \"PostmanRuntime/7.53.0\"","timestamp":"2026-05-11 23:36:42"}
{"level":"info","message":"Data Source initialised","timestamp":"2026-05-11 23:36:59"}
{"level":"info","message":"Server running on http://localhost:8900","timestamp":"2026-05-11 23:36:59"}
{"level":"info","message":"Data Source initialised","timestamp":"2026-05-11 23:37:27"}
{"level":"info","message":"Server running on http://localhost:8900","timestamp":"2026-05-11 23:37:27"}
{"level":"info","message":"user-management accessed by ::1","timestamp":"2026-05-11 23:39:31"}
{"level":"info","message":"::1 - - [11/May/2026:22:39:31 +0000] \"GET /api/user-management HTTP/1.1\" 200 11 \"-\" \"PostmanRuntime/7.53.0\"","timestamp":"2026-05-11 23:39:31"}
{"level":"info","message":"Data Source initialised","timestamp":"2026-05-11 23:39:38"}
{"level":"info","message":"Server running on http://localhost:8900","timestamp":"2026-05-11 23:39:38"}
{"level":"info","message":"user-management accessed by ::1","timestamp":"2026-05-11 23:40:01"}
{"level":"info","message":"::1 - - [11/May/2026:22:40:01 +0000] \"POST /api/user-management HTTP/1.1\" 201 106 \"-\" \"PostmanRuntime/7.53.0\"","timestamp":"2026-05-11 23:40:01"}
{"level":"info","message":"user-management accessed by ::1","timestamp":"2026-05-11 23:40:10"}
{"level":"info","message":"::1 - - [11/May/2026:22:40:10 +0000] \"GET /api/user-management HTTP/1.1\" 200 337 \"-\" \"PostmanRuntime/7.53.0\"","timestamp":"2026-05-11 23:40:10"}
{"level":"info","message":"Data Source initialised","timestamp":"2026-05-11 23:43:43"}
{"level":"info","message":"Server running on http://localhost:8900","timestamp":"2026-05-11 23:43:43"}
{"level":"info","message":"Data Source initialised","timestamp":"2026-05-11 23:46:26"}
{"level":"info","message":"Server running on http://localhost:8900","timestamp":"2026-05-11 23:46:26"}
{"level":"info","message":"Data Source initialised","timestamp":"2026-05-12 00:22:49"}
{"level":"info","message":"Server running on http://localhost:8900","timestamp":"2026-05-12 00:22:49"}
{"level":"info","message":"user-management accessed by ::1","timestamp":"2026-05-12 00:22:53"}
{"level":"info","message":"::1 - - [11/May/2026:23:22:53 +0000] \"PATCH /api/user-management/1 HTTP/1.1\" 200 357 \"-\" \"PostmanRuntime/7.53.0\"","timestamp":"2026-05-12 00:22:53"}
{"level":"info","message":"user-management accessed by ::1","timestamp":"2026-05-12 00:23:14"}
{"level":"info","message":"::1 - - [11/May/2026:23:23:14 +0000] \"POST /api/user-management HTTP/1.1\" 201 106 \"-\" \"PostmanRuntime/7.53.0\"","timestamp":"2026-05-12 00:23:14"}
{"level":"info","message":"Data Source initialised","timestamp":"2026-05-12 00:39:40"}
{"level":"info","message":"Server running on http://localhost:8900","timestamp":"2026-05-12 00:39:40"}
{"level":"info","message":"Data Source initialised","timestamp":"2026-05-12 00:40:00"}
{"level":"info","message":"Server running on http://localhost:8900","timestamp":"2026-05-12 00:40:00"}
{"level":"info","message":"Data Source initialised","timestamp":"2026-05-12 00:45:38"}
{"level":"info","message":"Server running on http://localhost:8900","timestamp":"2026-05-12 00:45:38"}
{"level":"info","message":"Data Source initialised","timestamp":"2026-05-12 00:46:19"}
{"level":"info","message":"Server running on http://localhost:8900","timestamp":"2026-05-12 00:46:19"}
{"level":"info","message":"Data Source initialised","timestamp":"2026-05-12 00:46:59"}
{"level":"info","message":"Server running on http://localhost:8900","timestamp":"2026-05-12 00:46:59"}
{"level":"info","message":"Data Source initialised","timestamp":"2026-05-12 00:49:31"}
{"level":"info","message":"Server running on http://localhost:8900","timestamp":"2026-05-12 00:49:31"}
{"level":"info","message":"Data Source initialised","timestamp":"2026-05-12 00:50:42"}
{"level":"info","message":"Server running on http://localhost:8900","timestamp":"2026-05-12 00:50:42"}
{"level":"info","message":"Data Source initialised","timestamp":"2026-05-12 01:14:54"}
{"level":"info","message":"Server running on http://localhost:8900","timestamp":"2026-05-12 01:14:54"}
{"level":"info","message":"Data Source initialised","timestamp":"2026-05-12 02:28:43"}
{"level":"info","message":"Server running on http://localhost:8900","timestamp":"2026-05-12 02:28:43"}
{"level":"error","message":"Not authorised - Token is invalid","timestamp":"2026-05-12 02:28:47"}
{"0":"2","1":"0","10":"T","11":"0","12":"1","13":":","14":"2","15":"8","16":":","17":"4","18":"7","19":".","2":"2","20":"4","21":"0","22":"4","23":"Z","3":"6","4":"-","5":"0","6":"5","7":"-","8":"1","9":"2","level":"error","message":"[Error]: Not authorised - Token is invalid","timestamp":"2026-05-12 02:28:47"}
{"level":"info","message":"::1 - - [12/May/2026:01:28:47 +0000] \"POST /api/leave-requests HTTP/1.1\" 401 109 \"-\" \"PostmanRuntime/7.53.0\"","timestamp":"2026-05-12 02:28:47"}
{"level":"info","message":"login accessed by ::1","timestamp":"2026-05-12 02:28:57"}
{"level":"info","message":"::1 - - [12/May/2026:01:28:57 +0000] \"POST /api/login HTTP/1.1\" 202 219 \"-\" \"PostmanRuntime/7.53.0\"","timestamp":"2026-05-12 02:28:57"}
{"level":"error","message":"Not authorised - Token is invalid","timestamp":"2026-05-12 02:29:03"}
{"0":"2","1":"0","10":"T","11":"0","12":"1","13":":","14":"2","15":"9","16":":","17":"0","18":"3","19":".","2":"2","20":"1","21":"1","22":"8","23":"Z","3":"6","4":"-","5":"0","6":"5","7":"-","8":"1","9":"2","level":"error","message":"[Error]: Not authorised - Token is invalid","timestamp":"2026-05-12 02:29:03"}
{"level":"info","message":"::1 - - [12/May/2026:01:29:03 +0000] \"POST /api/leave-requests HTTP/1.1\" 401 109 \"-\" \"PostmanRuntime/7.53.0\"","timestamp":"2026-05-12 02:29:03"}
{"level":"error","message":"Not authorised - Token is invalid","timestamp":"2026-05-12 02:29:16"}
{"0":"2","1":"0","10":"T","11":"0","12":"1","13":":","14":"2","15":"9","16":":","17":"1","18":"6","19":".","2":"2","20":"6","21":"0","22":"8","23":"Z","3":"6","4":"-","5":"0","6":"5","7":"-","8":"1","9":"2","level":"error","message":"[Error]: Not authorised - Token is invalid","timestamp":"2026-05-12 02:29:16"}
{"level":"info","message":"::1 - - [12/May/2026:01:29:16 +0000] \"POST /api/user-management HTTP/1.1\" 401 109 \"-\" \"PostmanRuntime/7.53.0\"","timestamp":"2026-05-12 02:29:16"}
{"level":"info","message":"login accessed by ::1","timestamp":"2026-05-12 02:29:24"}
{"level":"info","message":"::1 - - [12/May/2026:01:29:24 +0000] \"POST /api/login HTTP/1.1\" 202 219 \"-\" \"PostmanRuntime/7.53.0\"","timestamp":"2026-05-12 02:29:24"}
{"level":"error","message":"Not authorised - Token is invalid","timestamp":"2026-05-12 02:29:35"}
{"0":"2","1":"0","10":"T","11":"0","12":"1","13":":","14":"2","15":"9","16":":","17":"3","18":"5","19":".","2":"2","20":"7","21":"5","22":"4","23":"Z","3":"6","4":"-","5":"0","6":"5","7":"-","8":"1","9":"2","level":"error","message":"[Error]: Not authorised - Token is invalid","timestamp":"2026-05-12 02:29:35"}
{"level":"info","message":"::1 - - [12/May/2026:01:29:35 +0000] \"GET /api/roles HTTP/1.1\" 401 109 \"-\" \"PostmanRuntime/7.53.0\"","timestamp":"2026-05-12 02:29:35"}
{"level":"info","message":"Data Source initialised","timestamp":"2026-05-12 02:31:48"}
{"level":"info","message":"Server running on http://localhost:8900","timestamp":"2026-05-12 02:31:48"}
{"level":"info","message":"login accessed by ::1","timestamp":"2026-05-12 02:31:57"}
{"level":"info","message":"::1 - - [12/May/2026:01:31:57 +0000] \"POST /api/login HTTP/1.1\" 202 228 \"-\" \"PostmanRuntime/7.53.0\"","timestamp":"2026-05-12 02:31:57"}
{"level":"info","message":"roles accessed by ::1","timestamp":"2026-05-12 02:32:02"}
{"level":"warn","message":"Unauthorised access attempt by staff1@email.com (role: staff)","timestamp":"2026-05-12 02:32:02"}
{"0":"2","1":"0","10":"T","11":"0","12":"1","13":":","14":"3","15":"2","16":":","17":"0","18":"2","19":".","2":"2","20":"5","21":"1","22":"5","23":"Z","3":"6","4":"-","5":"0","6":"5","7":"-","8":"1","9":"2","level":"error","message":"[Error]: Admins only","timestamp":"2026-05-12 02:32:02"}
{"level":"info","message":"::1 - - [12/May/2026:01:32:02 +0000] \"GET /api/roles HTTP/1.1\" 403 87 \"-\" \"PostmanRuntime/7.53.0\"","timestamp":"2026-05-12 02:32:02"}
{"level":"info","message":"leave-requests accessed by ::1","timestamp":"2026-05-12 02:32:09"}
{"0":"2","1":"0","10":"T","11":"0","12":"1","13":":","14":"3","15":"2","16":":","17":"0","18":"9","19":".","2":"2","20":"4","21":"6","22":"0","23":"Z","3":"6","4":"-","5":"0","6":"5","7":"-","8":"1","9":"2","level":"error","message":"[Error]: You have an error in your SQL syntax; check the manual that corresponds to your MariaDB server version for the right syntax to use near ':end OR `leaveRequest`.`endDate` >= :start' at line 1","timestamp":"2026-05-12 02:32:09"}
{"level":"info","message":"::1 - - [12/May/2026:01:32:09 +0000] \"POST /api/leave-requests HTTP/1.1\" 400 266 \"-\" \"PostmanRuntime/7.53.0\"","timestamp":"2026-05-12 02:32:09"}
{"level":"info","message":"Data Source initialised","timestamp":"2026-05-12 02:34:11"}
{"level":"info","message":"Server running on http://localhost:8900","timestamp":"2026-05-12 02:34:11"}
{"level":"info","message":"leave-requests accessed by ::1","timestamp":"2026-05-12 02:34:11"}
{"0":"2","1":"0","10":"T","11":"0","12":"1","13":":","14":"3","15":"4","16":":","17":"1","18":"1","19":".","2":"2","20":"3","21":"0","22":"7","23":"Z","3":"6","4":"-","5":"0","6":"5","7":"-","8":"1","9":"2","level":"error","message":"[Error]: Table 'leaverequest_api.leave_request' doesn't exist","timestamp":"2026-05-12 02:34:11"}
{"level":"info","message":"::1 - - [12/May/2026:01:34:11 +0000] \"POST /api/leave-requests HTTP/1.1\" 400 128 \"-\" \"PostmanRuntime/7.53.0\"","timestamp":"2026-05-12 02:34:11"}
{"level":"info","message":"Data Source initialised","timestamp":"2026-05-12 02:34:23"}
{"level":"info","message":"Server running on http://localhost:8900","timestamp":"2026-05-12 02:34:23"}
{"level":"info","message":"leave-requests accessed by ::1","timestamp":"2026-05-12 02:34:52"}
{"0":"2","1":"0","10":"T","11":"0","12":"1","13":":","14":"3","15":"4","16":":","17":"5","18":"2","19":".","2":"2","20":"5","21":"1","22":"8","23":"Z","3":"6","4":"-","5":"0","6":"5","7":"-","8":"1","9":"2","level":"error","message":"[Error]: Leave Type is required","timestamp":"2026-05-12 02:34:52"}
{"level":"info","message":"::1 - - [12/May/2026:01:34:52 +0000] \"POST /api/leave-requests HTTP/1.1\" 400 98 \"-\" \"PostmanRuntime/7.53.0\"","timestamp":"2026-05-12 02:34:52"}
{"0":"2","1":"0","10":"T","11":"0","12":"1","13":":","14":"3","15":"4","16":":","17":"5","18":"2","19":".","2":"2","20":"5","21":"4","22":"1","23":"Z","3":"6","4":"-","5":"0","6":"5","7":"-","8":"1","9":"2","level":"error","message":"[Error]: Cannot set headers after they are sent to the client","timestamp":"2026-05-12 02:34:52"}
{"level":"error","message":"Cannot set headers after they are sent to the client","timestamp":"2026-05-12 02:34:52"}
{"0":"2","1":"0","10":"T","11":"0","12":"1","13":":","14":"3","15":"4","16":":","17":"5","18":"2","19":".","2":"2","20":"5","21":"4","22":"2","23":"Z","3":"6","4":"-","5":"0","6":"5","7":"-","8":"1","9":"2","level":"error","message":"[Error]: Cannot set headers after they are sent to the client","timestamp":"2026-05-12 02:34:52"}
{"level":"info","message":"Data Source initialised","timestamp":"2026-05-12 02:39:04"}
{"level":"info","message":"Server running on http://localhost:8900","timestamp":"2026-05-12 02:39:04"}
{"level":"info","message":"leave-requests accessed by ::1","timestamp":"2026-05-12 02:39:06"}
{"0":"2","1":"0","10":"T","11":"0","12":"1","13":":","14":"3","15":"9","16":":","17":"0","18":"6","19":".","2":"2","20":"8","21":"7","22":"2","23":"Z","3":"6","4":"-","5":"0","6":"5","7":"-","8":"1","9":"2","level":"error","message":"[Error]: Date range of request overlaps with existing request","timestamp":"2026-05-12 02:39:06"}
{"level":"info","message":"::1 - - [12/May/2026:01:39:06 +0000] \"POST /api/leave-requests HTTP/1.1\" 400 128 \"-\" \"PostmanRuntime/7.53.0\"","timestamp":"2026-05-12 02:39:06"}
{"0":"2","1":"0","10":"T","11":"0","12":"1","13":":","14":"3","15":"9","16":":","17":"0","18":"6","19":".","2":"2","20":"8","21":"8","22":"9","23":"Z","3":"6","4":"-","5":"0","6":"5","7":"-","8":"1","9":"2","level":"error","message":"[Error]: Cannot set headers after they are sent to the client","timestamp":"2026-05-12 02:39:06"}
{"level":"error","message":"Cannot set headers after they are sent to the client","timestamp":"2026-05-12 02:39:06"}
{"0":"2","1":"0","10":"T","11":"0","12":"1","13":":","14":"3","15":"9","16":":","17":"0","18":"6","19":".","2":"2","20":"8","21":"9","22":"0","23":"Z","3":"6","4":"-","5":"0","6":"5","7":"-","8":"1","9":"2","level":"error","message":"[Error]: Cannot set headers after they are sent to the client","timestamp":"2026-05-12 02:39:06"}
{"level":"info","message":"leave-requests accessed by ::1","timestamp":"2026-05-12 02:40:06"}
{"level":"info","message":"::1 - - [12/May/2026:01:40:06 +0000] \"POST /api/leave-requests HTTP/1.1\" 201 195 \"-\" \"PostmanRuntime/7.53.0\"","timestamp":"2026-05-12 02:40:06"}
{"level":"info","message":"login accessed by ::1","timestamp":"2026-05-12 02:42:37"}
{"level":"info","message":"::1 - - [12/May/2026:01:42:37 +0000] \"POST /api/login HTTP/1.1\" 202 228 \"-\" \"PostmanRuntime/7.53.0\"","timestamp":"2026-05-12 02:42:37"}
{"level":"info","message":"leave-requests accessed by ::1","timestamp":"2026-05-12 02:42:58"}
{"level":"info","message":"::1 - - [12/May/2026:01:42:58 +0000] \"POST /api/leave-requests HTTP/1.1\" 201 195 \"-\" \"PostmanRuntime/7.53.0\"","timestamp":"2026-05-12 02:42:58"}
{"level":"info","message":"login accessed by ::1","timestamp":"2026-05-12 02:43:05"}
{"level":"info","message":"::1 - - [12/May/2026:01:43:05 +0000] \"POST /api/login HTTP/1.1\" 202 228 \"-\" \"PostmanRuntime/7.53.0\"","timestamp":"2026-05-12 02:43:05"}
{"level":"info","message":"leave-requests accessed by ::1","timestamp":"2026-05-12 02:43:11"}
{"0":"2","1":"0","10":"T","11":"0","12":"1","13":":","14":"4","15":"3","16":":","17":"1","18":"1","19":".","2":"2","20":"0","21":"4","22":"6","23":"Z","3":"6","4":"-","5":"0","6":"5","7":"-","8":"1","9":"2","level":"error","message":"[Error]: Date range of request overlaps with existing request","timestamp":"2026-05-12 02:43:11"}
{"level":"info","message":"::1 - - [12/May/2026:01:43:11 +0000] \"POST /api/leave-requests HTTP/1.1\" 400 128 \"-\" \"PostmanRuntime/7.53.0\"","timestamp":"2026-05-12 02:43:11"}
{"0":"2","1":"0","10":"T","11":"0","12":"1","13":":","14":"4","15":"3","16":":","17":"1","18":"1","19":".","2":"2","20":"0","21":"5","22":"0","23":"Z","3":"6","4":"-","5":"0","6":"5","7":"-","8":"1","9":"2","level":"error","message":"[Error]: Cannot set headers after they are sent to the client","timestamp":"2026-05-12 02:43:11"}
{"level":"error","message":"Cannot set headers after they are sent to the client","timestamp":"2026-05-12 02:43:11"}
{"0":"2","1":"0","10":"T","11":"0","12":"1","13":":","14":"4","15":"3","16":":","17":"1","18":"1","19":".","2":"2","20":"0","21":"5","22":"0","23":"Z","3":"6","4":"-","5":"0","6":"5","7":"-","8":"1","9":"2","level":"error","message":"[Error]: Cannot set headers after they are sent to the client","timestamp":"2026-05-12 02:43:11"}
{"level":"info","message":"Data Source initialised","timestamp":"2026-05-12 02:47:41"}
{"level":"info","message":"Server running on http://localhost:8900","timestamp":"2026-05-12 02:47:41"}
{"level":"info","message":"Data Source initialised","timestamp":"2026-05-12 02:47:51"}
{"level":"info","message":"Server running on http://localhost:8900","timestamp":"2026-05-12 02:47:51"}
{"level":"info","message":"Data Source initialised","timestamp":"2026-05-12 02:49:46"}
{"level":"info","message":"Server running on http://localhost:8900","timestamp":"2026-05-12 02:49:46"}
{"level":"info","message":"Data Source initialised","timestamp":"2026-05-12 02:50:21"}
{"level":"info","message":"Server running on http://localhost:8900","timestamp":"2026-05-12 02:50:21"}
{"level":"info","message":"Data Source initialised","timestamp":"2026-05-12 02:51:02"}
{"level":"info","message":"Server running on http://localhost:8900","timestamp":"2026-05-12 02:51:02"}
{"level":"info","message":"Data Source initialised","timestamp":"2026-05-12 02:51:23"}
{"level":"info","message":"Server running on http://localhost:8900","timestamp":"2026-05-12 02:51:23"}
{"level":"info","message":"Data Source initialised","timestamp":"2026-05-12 02:51:34"}
{"level":"info","message":"Server running on http://localhost:8900","timestamp":"2026-05-12 02:51:34"}
{"level":"info","message":"Data Source initialised","timestamp":"2026-05-12 02:51:58"}
{"level":"info","message":"Server running on http://localhost:8900","timestamp":"2026-05-12 02:51:58"}
{"level":"info","message":"Data Source initialised","timestamp":"2026-05-12 02:53:23"}
{"level":"info","message":"Server running on http://localhost:8900","timestamp":"2026-05-12 02:53:23"}
{"level":"info","message":"Data Source initialised","timestamp":"2026-05-12 02:53:50"}
{"level":"info","message":"Server running on http://localhost:8900","timestamp":"2026-05-12 02:53:50"}
{"level":"info","message":"login accessed by ::1","timestamp":"2026-05-12 02:54:00"}
{"level":"info","message":"::1 - - [12/May/2026:01:54:00 +0000] \"POST /api/login HTTP/1.1\" 202 228 \"-\" \"PostmanRuntime/7.53.0\"","timestamp":"2026-05-12 02:54:00"}
{"level":"info","message":"leave-requests accessed by ::1","timestamp":"2026-05-12 02:54:06"}
{"level":"info","message":"::1 - - [12/May/2026:01:54:06 +0000] \"POST /api/leave-requests HTTP/1.1\" 201 195 \"-\" \"PostmanRuntime/7.53.0\"","timestamp":"2026-05-12 02:54:06"}
{"level":"info","message":"leave-requests accessed by ::1","timestamp":"2026-05-12 02:54:17"}
{"0":"2","1":"0","10":"T","11":"0","12":"1","13":":","14":"5","15":"4","16":":","17":"1","18":"7","19":".","2":"2","20":"0","21":"1","22":"5","23":"Z","3":"6","4":"-","5":"0","6":"5","7":"-","8":"1","9":"2","level":"error","message":"[Error]: Date range of request overlaps with existing request","timestamp":"2026-05-12 02:54:17"}
{"level":"info","message":"::1 - - [12/May/2026:01:54:17 +0000] \"POST /api/leave-requests HTTP/1.1\" 400 128 \"-\" \"PostmanRuntime/7.53.0\"","timestamp":"2026-05-12 02:54:17"}
{"0":"2","1":"0","10":"T","11":"0","12":"1","13":":","14":"5","15":"4","16":":","17":"1","18":"7","19":".","2":"2","20":"0","21":"2","22":"1","23":"Z","3":"6","4":"-","5":"0","6":"5","7":"-","8":"1","9":"2","level":"error","message":"[Error]: Cannot set headers after they are sent to the client","timestamp":"2026-05-12 02:54:17"}
{"level":"error","message":"Cannot set headers after they are sent to the client","timestamp":"2026-05-12 02:54:17"}
{"0":"2","1":"0","10":"T","11":"0","12":"1","13":":","14":"5","15":"4","16":":","17":"1","18":"7","19":".","2":"2","20":"0","21":"2","22":"1","23":"Z","3":"6","4":"-","5":"0","6":"5","7":"-","8":"1","9":"2","level":"error","message":"[Error]: Cannot set headers after they are sent to the client","timestamp":"2026-05-12 02:54:17"}
{"level":"info","message":"Data Source initialised","timestamp":"2026-05-12 02:58:31"}
{"level":"info","message":"Server running on http://localhost:8900","timestamp":"2026-05-12 02:58:31"}
{"level":"info","message":"Data Source initialised","timestamp":"2026-05-12 02:59:16"}
{"level":"info","message":"Server running on http://localhost:8900","timestamp":"2026-05-12 02:59:16"}
{"level":"info","message":"Data Source initialised","timestamp":"2026-05-12 02:59:33"}
{"level":"info","message":"Server running on http://localhost:8900","timestamp":"2026-05-12 02:59:33"}
{"level":"info","message":"leave-requests accessed by ::1","timestamp":"2026-05-12 02:59:38"}
{"0":"2","1":"0","10":"T","11":"0","12":"1","13":":","14":"5","15":"9","16":":","17":"3","18":"8","19":".","2":"2","20":"4","21":"6","22":"6","23":"Z","3":"6","4":"-","5":"0","6":"5","7":"-","8":"1","9":"2","level":"error","message":"[Error]: Date range of request overlaps with existing request","timestamp":"2026-05-12 02:59:38"}
{"level":"info","message":"::1 - - [12/May/2026:01:59:38 +0000] \"POST /api/leave-requests HTTP/1.1\" 400 128 \"-\" \"PostmanRuntime/7.53.0\"","timestamp":"2026-05-12 02:59:38"}
{"level":"info","message":"leave-requests accessed by ::1","timestamp":"2026-05-12 03:00:02"}
{"level":"info","message":"::1 - - [12/May/2026:02:00:02 +0000] \"POST /api/leave-requests HTTP/1.1\" 201 195 \"-\" \"PostmanRuntime/7.53.0\"","timestamp":"2026-05-12 03:00:02"}
{"level":"info","message":"leave-requests accessed by ::1","timestamp":"2026-05-12 03:00:11"}
{"0":"2","1":"0","10":"T","11":"0","12":"2","13":":","14":"0","15":"0","16":":","17":"1","18":"1","19":".","2":"2","20":"2","21":"1","22":"1","23":"Z","3":"6","4":"-","5":"0","6":"5","7":"-","8":"1","9":"2","level":"error","message":"[Error]: Date range of request overlaps with existing request","timestamp":"2026-05-12 03:00:11"}
{"level":"info","message":"::1 - - [12/May/2026:02:00:11 +0000] \"POST /api/leave-requests HTTP/1.1\" 400 128 \"-\" \"PostmanRuntime/7.53.0\"","timestamp":"2026-05-12 03:00:11"}
{"level":"info","message":"login accessed by ::1","timestamp":"2026-05-12 03:00:24"}
{"level":"info","message":"::1 - - [12/May/2026:02:00:24 +0000] \"POST /api/login HTTP/1.1\" 202 228 \"-\" \"PostmanRuntime/7.53.0\"","timestamp":"2026-05-12 03:00:24"}
{"level":"info","message":"leave-requests accessed by ::1","timestamp":"2026-05-12 03:00:28"}
{"level":"info","message":"::1 - - [12/May/2026:02:00:28 +0000] \"POST /api/leave-requests HTTP/1.1\" 201 195 \"-\" \"PostmanRuntime/7.53.0\"","timestamp":"2026-05-12 03:00:28"}
{"level":"info","message":"Data Source initialised","timestamp":"2026-05-12 03:00:49"}
{"level":"info","message":"Server running on http://localhost:8900","timestamp":"2026-05-12 03:00:49"}
{"level":"info","message":"Data Source initialised","timestamp":"2026-05-13 00:50:25"}
{"level":"info","message":"Server running on http://localhost:8900","timestamp":"2026-05-13 00:50:25"}
{"level":"info","message":"::1 - - [12/May/2026:23:50:37 +0000] \"DELETE /api/leave-request HTTP/1.1\" 404 159 \"-\" \"PostmanRuntime/7.54.0\"","timestamp":"2026-05-13 00:50:37"}
{"level":"error","message":"Not authorised - Token is invalid","timestamp":"2026-05-13 00:51:42"}
{"0":"2","1":"0","10":"T","11":"2","12":"3","13":":","14":"5","15":"1","16":":","17":"4","18":"2","19":".","2":"2","20":"3","21":"0","22":"5","23":"Z","3":"6","4":"-","5":"0","6":"5","7":"-","8":"1","9":"2","level":"error","message":"[Error]: Not authorised - Token is invalid","timestamp":"2026-05-13 00:51:42"}
{"level":"info","message":"::1 - - [12/May/2026:23:51:42 +0000] \"DELETE /api/leave-requests HTTP/1.1\" 401 109 \"-\" \"PostmanRuntime/7.54.0\"","timestamp":"2026-05-13 00:51:42"}
{"level":"info","message":"login accessed by ::1","timestamp":"2026-05-13 00:52:58"}
{"level":"info","message":"::1 - - [12/May/2026:23:52:58 +0000] \"POST /api/login HTTP/1.1\" 202 228 \"-\" \"PostmanRuntime/7.54.0\"","timestamp":"2026-05-13 00:52:58"}
{"level":"info","message":"leave-requests accessed by ::1","timestamp":"2026-05-13 00:53:37"}
{"level":"info","message":"::1 - - [12/May/2026:23:53:37 +0000] \"DELETE /api/leave-requests HTTP/1.1\" 200 204 \"-\" \"PostmanRuntime/7.54.0\"","timestamp":"2026-05-13 00:53:37"}
{"level":"info","message":"leave-requests accessed by ::1","timestamp":"2026-05-13 00:53:49"}
{"0":"2","1":"0","10":"T","11":"2","12":"3","13":":","14":"5","15":"3","16":":","17":"4","18":"9","19":".","2":"2","20":"9","21":"1","22":"0","23":"Z","3":"6","4":"-","5":"0","6":"5","7":"-","8":"1","9":"2","level":"error","message":"[Error]: Request is already cancelled","timestamp":"2026-05-13 00:53:49"}
{"level":"info","message":"::1 - - [12/May/2026:23:53:49 +0000] \"DELETE /api/leave-requests HTTP/1.1\" 400 104 \"-\" \"PostmanRuntime/7.54.0\"","timestamp":"2026-05-13 00:53:49"}
{"level":"info","message":"leave-requests accessed by ::1","timestamp":"2026-05-13 00:53:51"}
{"0":"2","1":"0","10":"T","11":"2","12":"3","13":":","14":"5","15":"3","16":":","17":"5","18":"1","19":".","2":"2","20":"8","21":"4","22":"0","23":"Z","3":"6","4":"-","5":"0","6":"5","7":"-","8":"1","9":"2","level":"error","message":"[Error]: Request is already cancelled","timestamp":"2026-05-13 00:53:51"}
{"level":"info","message":"::1 - - [12/May/2026:23:53:51 +0000] \"DELETE /api/leave-requests HTTP/1.1\" 400 104 \"-\" \"PostmanRuntime/7.54.0\"","timestamp":"2026-05-13 00:53:51"}
{"level":"info","message":"login accessed by ::1","timestamp":"2026-05-13 00:54:04"}
{"level":"info","message":"::1 - - [12/May/2026:23:54:04 +0000] \"POST /api/login HTTP/1.1\" 202 227 \"-\" \"PostmanRuntime/7.54.0\"","timestamp":"2026-05-13 00:54:04"}
{"level":"info","message":"leave-requests accessed by ::1","timestamp":"2026-05-13 00:54:18"}
{"0":"2","1":"0","10":"T","11":"2","12":"3","13":":","14":"5","15":"4","16":":","17":"1","18":"8","19":".","2":"2","20":"0","21":"8","22":"2","23":"Z","3":"6","4":"-","5":"0","6":"5","7":"-","8":"1","9":"2","level":"error","message":"[Error]: You are not allowed to cancel this leave request","timestamp":"2026-05-13 00:54:18"}
{"level":"info","message":"::1 - - [12/May/2026:23:54:18 +0000] \"DELETE /api/leave-requests HTTP/1.1\" 403 124 \"-\" \"PostmanRuntime/7.54.0\"","timestamp":"2026-05-13 00:54:18"}
{"level":"info","message":"Data Source initialised","timestamp":"2026-05-13 00:54:37"}
{"level":"info","message":"Server running on http://localhost:8900","timestamp":"2026-05-13 00:54:37"}
{"level":"info","message":"login accessed by ::1","timestamp":"2026-05-13 00:54:43"}
{"level":"info","message":"::1 - - [12/May/2026:23:54:43 +0000] \"POST /api/login HTTP/1.1\" 202 227 \"-\" \"PostmanRuntime/7.54.0\"","timestamp":"2026-05-13 00:54:43"}
{"level":"info","message":"leave-requests accessed by ::1","timestamp":"2026-05-13 00:54:46"}
{"level":"info","message":"::1 - - [12/May/2026:23:54:46 +0000] \"DELETE /api/leave-requests HTTP/1.1\" 200 204 \"-\" \"PostmanRuntime/7.54.0\"","timestamp":"2026-05-13 00:54:46"}
{"level":"info","message":"Data Source initialised","timestamp":"2026-05-13 00:57:01"}
{"level":"info","message":"Server running on http://localhost:8900","timestamp":"2026-05-13 00:57:01"}
{"level":"info","message":"Data Source initialised","timestamp":"2026-05-13 01:08:48"}
{"level":"info","message":"Server running on http://localhost:8900","timestamp":"2026-05-13 01:08:48"}
{"level":"info","message":"Data Source initialised","timestamp":"2026-05-13 01:12:07"}
{"level":"info","message":"Server running on http://localhost:8900","timestamp":"2026-05-13 01:12:07"}
{"level":"info","message":"leave-requests accessed by ::1","timestamp":"2026-05-13 01:13:35"}
{"0":"2","1":"0","10":"T","11":"0","12":"0","13":":","14":"1","15":"3","16":":","17":"3","18":"5","19":".","2":"2","20":"7","21":"4","22":"4","23":"Z","3":"6","4":"-","5":"0","6":"5","7":"-","8":"1","9":"3","level":"error","message":"[Error]: Request is already cancelled","timestamp":"2026-05-13 01:13:35"}
{"level":"info","message":"::1 - - [13/May/2026:00:13:35 +0000] \"DELETE /api/leave-requests HTTP/1.1\" 400 104 \"-\" \"PostmanRuntime/7.54.0\"","timestamp":"2026-05-13 01:13:35"}
{"level":"info","message":"leave-requests accessed by ::1","timestamp":"2026-05-13 01:13:49"}
{"level":"info","message":"::1 - - [13/May/2026:00:13:49 +0000] \"DELETE /api/leave-requests HTTP/1.1\" 200 204 \"-\" \"PostmanRuntime/7.54.0\"","timestamp":"2026-05-13 01:13:49"}
{"level":"info","message":"Data Source initialised","timestamp":"2026-05-13 01:14:01"}
{"level":"info","message":"Server running on http://localhost:8900","timestamp":"2026-05-13 01:14:01"}
{"level":"info","message":"Data Source initialised","timestamp":"2026-05-13 01:17:26"}
{"level":"info","message":"Server running on http://localhost:8900","timestamp":"2026-05-13 01:17:26"}
{"level":"info","message":"leave-requests accessed by ::1","timestamp":"2026-05-13 01:17:28"}
{"level":"info","message":"::1 - - [13/May/2026:00:17:28 +0000] \"DELETE /api/leave-requests HTTP/1.1\" 200 217 \"-\" \"PostmanRuntime/7.54.0\"","timestamp":"2026-05-13 01:17:28"}
{"level":"info","message":"Data Source initialised","timestamp":"2026-05-13 03:05:50"}
{"level":"info","message":"Server running on http://localhost:8900","timestamp":"2026-05-13 03:05:50"}
{"level":"info","message":"user-management accessed by ::1","timestamp":"2026-05-13 03:08:12"}
{"level":"info","message":"::1 - - [13/May/2026:02:08:12 +0000] \"POST /api/user-management HTTP/1.1\" 201 106 \"-\" \"PostmanRuntime/7.54.0\"","timestamp":"2026-05-13 03:08:12"}
{"level":"info","message":"login accessed by ::1","timestamp":"2026-05-13 03:08:34"}
{"level":"info","message":"::1 - - [13/May/2026:02:08:34 +0000] \"POST /api/login HTTP/1.1\" 202 232 \"-\" \"PostmanRuntime/7.54.0\"","timestamp":"2026-05-13 03:08:34"}
{"level":"info","message":"leave-requests accessed by ::1","timestamp":"2026-05-13 03:08:41"}
{"0":"2","1":"0","10":"T","11":"0","12":"2","13":":","14":"0","15":"8","16":":","17":"4","18":"1","19":".","2":"2","20":"2","21":"9","22":"7","23":"Z","3":"6","4":"-","5":"0","6":"5","7":"-","8":"1","9":"3","level":"error","message":"[Error]: Unknown column 'NaN' in 'where clause'","timestamp":"2026-05-13 03:08:41"}
{"level":"info","message":"::1 - - [13/May/2026:02:08:41 +0000] \"PATCH /api/leave-requests/approve HTTP/1.1\" 400 114 \"-\" \"PostmanRuntime/7.54.0\"","timestamp":"2026-05-13 03:08:41"}
{"level":"info","message":"Data Source initialised","timestamp":"2026-05-13 03:18:33"}
{"level":"info","message":"Server running on http://localhost:8900","timestamp":"2026-05-13 03:18:33"}
{"level":"info","message":"login accessed by ::1","timestamp":"2026-05-13 03:18:43"}
{"level":"info","message":"::1 - - [13/May/2026:02:18:43 +0000] \"POST /api/login HTTP/1.1\" 202 232 \"-\" \"PostmanRuntime/7.54.0\"","timestamp":"2026-05-13 03:18:43"}
{"level":"info","message":"leave-requests accessed by ::1","timestamp":"2026-05-13 03:18:47"}
{"0":"2","1":"0","10":"T","11":"0","12":"2","13":":","14":"1","15":"8","16":":","17":"4","18":"7","19":".","2":"2","20":"3","21":"4","22":"4","23":"Z","3":"6","4":"-","5":"0","6":"5","7":"-","8":"1","9":"3","level":"error","message":"[Error]: Unknown column 'NaN' in 'where clause'","timestamp":"2026-05-13 03:18:47"}
{"level":"info","message":"::1 - - [13/May/2026:02:18:47 +0000] \"PATCH /api/leave-requests/approve HTTP/1.1\" 400 114 \"-\" \"PostmanRuntime/7.54.0\"","timestamp":"2026-05-13 03:18:47"}
{"level":"info","message":"leave-requests accessed by ::1","timestamp":"2026-05-13 03:19:52"}
{"level":"info","message":"::1 - - [13/May/2026:02:19:52 +0000] \"PATCH /api/leave-requests/approve HTTP/1.1\" 200 97 \"-\" \"PostmanRuntime/7.54.0\"","timestamp":"2026-05-13 03:19:52"}
{"level":"info","message":"Data Source initialised","timestamp":"2026-05-13 03:20:19"}
{"level":"info","message":"Server running on http://localhost:8900","timestamp":"2026-05-13 03:20:19"}
{"level":"info","message":"Data Source initialised","timestamp":"2026-05-13 03:20:49"}
{"level":"info","message":"Server running on http://localhost:8900","timestamp":"2026-05-13 03:20:49"}
{"level":"info","message":"leave-requests accessed by ::1","timestamp":"2026-05-13 03:20:52"}
{"0":"2","1":"0","10":"T","11":"0","12":"2","13":":","14":"2","15":"0","16":":","17":"5","18":"2","19":".","2":"2","20":"0","21":"9","22":"0","23":"Z","3":"6","4":"-","5":"0","6":"5","7":"-","8":"1","9":"3","level":"error","message":"[Error]: Only pending requests can be approved","timestamp":"2026-05-13 03:20:52"}
{"level":"info","message":"::1 - - [13/May/2026:02:20:52 +0000] \"PATCH /api/leave-requests/approve HTTP/1.1\" 400 113 \"-\" \"PostmanRuntime/7.54.0\"","timestamp":"2026-05-13 03:20:52"}
{"level":"info","message":"leave-requests accessed by ::1","timestamp":"2026-05-13 03:21:32"}
{"level":"info","message":"::1 - - [13/May/2026:02:21:32 +0000] \"PATCH /api/leave-requests/approve HTTP/1.1\" 200 110 \"-\" \"PostmanRuntime/7.54.0\"","timestamp":"2026-05-13 03:21:32"}
{"level":"info","message":"Data Source initialised","timestamp":"2026-05-13 03:22:11"}
{"level":"info","message":"Server running on http://localhost:8900","timestamp":"2026-05-13 03:22:11"}
{"level":"info","message":"Data Source initialised","timestamp":"2026-05-13 20:41:16"}
{"level":"info","message":"Server running on http://localhost:8900","timestamp":"2026-05-13 20:41:16"}
{"level":"info","message":"login accessed by ::1","timestamp":"2026-05-13 20:41:31"}
{"level":"info","message":"::1 - - [13/May/2026:19:41:31 +0000] \"POST /api/login HTTP/1.1\" 202 228 \"-\" \"PostmanRuntime/7.54.0\"","timestamp":"2026-05-13 20:41:31"}
{"level":"info","message":"Data Source initialised","timestamp":"2026-05-13 20:42:05"}
{"level":"info","message":"Server running on http://localhost:8900","timestamp":"2026-05-13 20:42:05"}
{"level":"info","message":"login accessed by ::1","timestamp":"2026-05-13 20:42:07"}
{"level":"info","message":"::1 - - [13/May/2026:19:42:07 +0000] \"POST /api/login HTTP/1.1\" 202 228 \"-\" \"PostmanRuntime/7.54.0\"","timestamp":"2026-05-13 20:42:07"}
{"level":"info","message":"Data Source initialised","timestamp":"2026-05-13 20:57:40"}
{"level":"info","message":"Server running on http://localhost:8900","timestamp":"2026-05-13 20:57:40"}
{"level":"info","message":"login accessed by ::1","timestamp":"2026-05-13 20:57:55"}
{"level":"info","message":"::1 - - [13/May/2026:19:57:55 +0000] \"POST /api/login HTTP/1.1\" 202 232 \"-\" \"PostmanRuntime/7.54.0\"","timestamp":"2026-05-13 20:57:55"}
{"level":"info","message":"leave-requests accessed by ::1","timestamp":"2026-05-13 20:58:09"}
{"level":"warn","message":"Unauthorised access attempt by manager@email.com (role: manager)","timestamp":"2026-05-13 20:58:09"}
{"0":"2","1":"0","10":"T","11":"1","12":"9","13":":","14":"5","15":"8","16":":","17":"0","18":"9","19":".","2":"2","20":"7","21":"0","22":"4","23":"Z","3":"6","4":"-","5":"0","6":"5","7":"-","8":"1","9":"3","level":"error","message":"[Error]: You are not allowed to Reject this leave request","timestamp":"2026-05-13 20:58:09"}
{"level":"info","message":"::1 - - [13/May/2026:19:58:09 +0000] \"PATCH /api/leave-requests/reject HTTP/1.1\" 403 124 \"-\" \"PostmanRuntime/7.54.0\"","timestamp":"2026-05-13 20:58:09"}
{"level":"info","message":"login accessed by ::1","timestamp":"2026-05-13 20:58:14"}
{"level":"info","message":"::1 - - [13/May/2026:19:58:14 +0000] \"POST /api/login HTTP/1.1\" 202 227 \"-\" \"PostmanRuntime/7.54.0\"","timestamp":"2026-05-13 20:58:14"}
{"level":"info","message":"leave-requests accessed by ::1","timestamp":"2026-05-13 20:58:17"}
{"level":"info","message":"::1 - - [13/May/2026:19:58:17 +0000] \"PATCH /api/leave-requests/reject HTTP/1.1\" 200 126 \"-\" \"PostmanRuntime/7.54.0\"","timestamp":"2026-05-13 20:58:17"}
{"level":"info","message":"Data Source initialised","timestamp":"2026-05-13 20:58:37"}
{"level":"info","message":"Server running on http://localhost:8900","timestamp":"2026-05-13 20:58:37"}
{"level":"info","message":"Data Source initialised","timestamp":"2026-05-13 21:00:12"}
{"level":"info","message":"Server running on http://localhost:8900","timestamp":"2026-05-13 21:00:12"}
{"level":"info","message":"Data Source initialised","timestamp":"2026-05-13 22:47:03"}
{"level":"info","message":"Server running on http://localhost:8900","timestamp":"2026-05-13 22:47:03"}
{"level":"info","message":"leave-requests accessed by ::1","timestamp":"2026-05-13 22:57:38"}
{"level":"info","message":"::1 - - [13/May/2026:21:57:39 +0000] \"GET /api/leave-requests/status/2 HTTP/1.1\" 200 75 \"-\" \"PostmanRuntime/7.54.0\"","timestamp":"2026-05-13 22:57:39"}
{"level":"info","message":"leave-requests accessed by ::1","timestamp":"2026-05-13 22:57:53"}
{"level":"info","message":"::1 - - [13/May/2026:21:57:53 +0000] \"GET /api/leave-requests/status/1 HTTP/1.1\" 200 75 \"-\" \"PostmanRuntime/7.54.0\"","timestamp":"2026-05-13 22:57:53"}
{"level":"info","message":"users accessed by ::1","timestamp":"2026-05-13 22:58:03"}
{"0":"2","1":"0","10":"T","11":"2","12":"1","13":":","14":"5","15":"8","16":":","17":"0","18":"3","19":".","2":"2","20":"9","21":"1","22":"7","23":"Z","3":"6","4":"-","5":"0","6":"5","7":"-","8":"1","9":"3","level":"error","message":"[Error]: Duplicate entry 'admin@email.com' for key 'email'","timestamp":"2026-05-13 22:58:03"}
{"level":"info","message":"::1 - - [13/May/2026:21:58:03 +0000] \"POST /api/users HTTP/1.1\" 400 125 \"-\" \"PostmanRuntime/7.54.0\"","timestamp":"2026-05-13 22:58:03"}
{"level":"info","message":"login accessed by ::1","timestamp":"2026-05-13 22:58:12"}
{"level":"info","message":"::1 - - [13/May/2026:21:58:12 +0000] \"POST /api/login HTTP/1.1\" 202 227 \"-\" \"PostmanRuntime/7.54.0\"","timestamp":"2026-05-13 22:58:12"}
{"level":"info","message":"leave-requests accessed by ::1","timestamp":"2026-05-13 22:58:15"}
{"level":"info","message":"::1 - - [13/May/2026:21:58:15 +0000] \"GET /api/leave-requests/status/1 HTTP/1.1\" 200 75 \"-\" \"PostmanRuntime/7.54.0\"","timestamp":"2026-05-13 22:58:15"}
{"level":"info","message":"leave-requests accessed by ::1","timestamp":"2026-05-13 22:58:21"}
{"level":"info","message":"::1 - - [13/May/2026:21:58:21 +0000] \"GET /api/leave-requests/status/2 HTTP/1.1\" 200 75 \"-\" \"PostmanRuntime/7.54.0\"","timestamp":"2026-05-13 22:58:21"}
{"level":"info","message":"login accessed by ::1","timestamp":"2026-05-13 22:58:26"}
{"level":"info","message":"::1 - - [13/May/2026:21:58:26 +0000] \"POST /api/login HTTP/1.1\" 202 228 \"-\" \"PostmanRuntime/7.54.0\"","timestamp":"2026-05-13 22:58:26"}
{"level":"info","message":"leave-requests accessed by ::1","timestamp":"2026-05-13 22:58:42"}
{"level":"warn","message":"Unauthorised access attempt by staff1@email.com (role: staff)","timestamp":"2026-05-13 22:58:42"}
{"0":"2","1":"0","10":"T","11":"2","12":"1","13":":","14":"5","15":"8","16":":","17":"4","18":"2","19":".","2":"2","20":"8","21":"2","22":"0","23":"Z","3":"6","4":"-","5":"0","6":"5","7":"-","8":"1","9":"3","level":"error","message":"[Error]: You are not allowed to view leave requests for this employee","timestamp":"2026-05-13 22:58:42"}
{"level":"info","message":"::1 - - [13/May/2026:21:58:42 +0000] \"GET /api/leave-requests/status/1 HTTP/1.1\" 403 136 \"-\" \"PostmanRuntime/7.54.0\"","timestamp":"2026-05-13 22:58:42"}
{"level":"info","message":"leave-requests accessed by ::1","timestamp":"2026-05-13 22:58:46"}
{"level":"info","message":"::1 - - [13/May/2026:21:58:46 +0000] \"GET /api/leave-requests/status/3 HTTP/1.1\" 200 225 \"-\" \"PostmanRuntime/7.54.0\"","timestamp":"2026-05-13 22:58:46"}
{"level":"info","message":"Data Source initialised","timestamp":"2026-05-13 23:10:27"}
{"level":"info","message":"Server running on http://localhost:8900","timestamp":"2026-05-13 23:10:27"}
{"level":"info","message":"Data Source initialised","timestamp":"2026-05-13 23:10:33"}
{"level":"info","message":"Server running on http://localhost:8900","timestamp":"2026-05-13 23:10:33"}
{"level":"info","message":"leave-requests accessed by ::1","timestamp":"2026-05-13 23:10:35"}
{"level":"info","message":"::1 - - [13/May/2026:22:10:35 +0000] \"GET /api/leave-requests/status/3 HTTP/1.1\" 200 166 \"-\" \"PostmanRuntime/7.54.0\"","timestamp":"2026-05-13 23:10:35"}
{"level":"info","message":"Data Source initialised","timestamp":"2026-05-13 23:11:12"}
{"level":"info","message":"Server running on http://localhost:8900","timestamp":"2026-05-13 23:11:12"}
{"level":"info","message":"Data Source initialised","timestamp":"2026-05-14 08:37:26"}
{"level":"info","message":"Server running on http://localhost:8900","timestamp":"2026-05-14 08:37:26"}
{"level":"error","message":"Not authorised - Token is invalid","timestamp":"2026-05-14 08:38:08"}
{"0":"2","1":"0","10":"T","11":"0","12":"7","13":":","14":"3","15":"8","16":":","17":"0","18":"8","19":".","2":"2","20":"8","21":"7","22":"9","23":"Z","3":"6","4":"-","5":"0","6":"5","7":"-","8":"1","9":"4","level":"error","message":"[Error]: Not authorised - Token is invalid","timestamp":"2026-05-14 08:38:08"}
{"level":"info","message":"::1 - - [14/May/2026:07:38:08 +0000] \"POST /api/user-management HTTP/1.1\" 401 109 \"-\" \"PostmanRuntime/7.54.0\"","timestamp":"2026-05-14 08:38:08"}
{"level":"info","message":"login accessed by ::1","timestamp":"2026-05-14 08:38:24"}
{"level":"info","message":"::1 - - [14/May/2026:07:38:24 +0000] \"POST /api/login HTTP/1.1\" 202 227 \"-\" \"PostmanRuntime/7.54.0\"","timestamp":"2026-05-14 08:38:24"}
{"level":"info","message":"user-management accessed by ::1","timestamp":"2026-05-14 08:38:30"}
{"0":"2","1":"0","10":"T","11":"0","12":"7","13":":","14":"3","15":"8","16":":","17":"3","18":"0","19":".","2":"2","20":"5","21":"1","22":"6","23":"Z","3":"6","4":"-","5":"0","6":"5","7":"-","8":"1","9":"4","level":"error","message":"[Error]: Cannot add or update a child row: a foreign key constraint fails (`leaverequest_api`.`user_management`, CONSTRAINT `user_management_ibfk_1` FOREIGN KEY (`userId`) REFERENCES `user` (`id`))","timestamp":"2026-05-14 08:38:30"}
{"level":"info","message":"::1 - - [14/May/2026:07:38:30 +0000] \"POST /api/user-management HTTP/1.1\" 400 264 \"-\" \"PostmanRuntime/7.54.0\"","timestamp":"2026-05-14 08:38:30"}
{"level":"info","message":"user-management accessed by ::1","timestamp":"2026-05-14 08:38:45"}
{"0":"2","1":"0","10":"T","11":"0","12":"7","13":":","14":"3","15":"8","16":":","17":"4","18":"5","19":".","2":"2","20":"7","21":"1","22":"5","23":"Z","3":"6","4":"-","5":"0","6":"5","7":"-","8":"1","9":"4","level":"error","message":"[Error]: Cannot add or update a child row: a foreign key constraint fails (`leaverequest_api`.`user_management`, CONSTRAINT `user_management_ibfk_2` FOREIGN KEY (`managerId`) REFERENCES `user` (`id`))","timestamp":"2026-05-14 08:38:45"}
{"level":"info","message":"::1 - - [14/May/2026:07:38:45 +0000] \"POST /api/user-management HTTP/1.1\" 400 267 \"-\" \"PostmanRuntime/7.54.0\"","timestamp":"2026-05-14 08:38:45"}
{"level":"error","message":"Expected double-quoted property name in JSON at position 44 (line 5 column 1)","timestamp":"2026-05-14 08:38:52"}
{"0":"2","1":"0","10":"T","11":"0","12":"7","13":":","14":"3","15":"8","16":":","17":"5","18":"2","19":".","2":"2","20":"4","21":"2","22":"5","23":"Z","3":"6","4":"-","5":"0","6":"5","7":"-","8":"1","9":"4","level":"error","message":"[Error]: Expected double-quoted property name in JSON at position 44 (line 5 column 1)","timestamp":"2026-05-14 08:38:52"}
{"level":"info","message":"Data Source initialised","timestamp":"2026-05-14 08:40:03"}
{"level":"info","message":"Server running on http://localhost:8900","timestamp":"2026-05-14 08:40:03"}
{"level":"info","message":"Data Source initialised","timestamp":"2026-05-14 08:43:52"}
{"level":"info","message":"Server running on http://localhost:8900","timestamp":"2026-05-14 08:43:52"}
{"level":"info","message":"user-management accessed by ::1","timestamp":"2026-05-14 08:43:54"}
{"0":"2","1":"0","10":"T","11":"0","12":"7","13":":","14":"4","15":"3","16":":","17":"5","18":"4","19":".","2":"2","20":"3","21":"3","22":"5","23":"Z","3":"6","4":"-","5":"0","6":"5","7":"-","8":"1","9":"4","level":"error","message":"[Error]: Invalid ID format","timestamp":"2026-05-14 08:43:54"}
{"level":"info","message":"::1 - - [14/May/2026:07:43:54 +0000] \"POST /api/user-management HTTP/1.1\" 400 93 \"-\" \"PostmanRuntime/7.54.0\"","timestamp":"2026-05-14 08:43:54"}
{"level":"info","message":"Data Source initialised","timestamp":"2026-05-14 08:44:22"}
{"level":"info","message":"Server running on http://localhost:8900","timestamp":"2026-05-14 08:44:22"}
{"level":"info","message":"Data Source initialised","timestamp":"2026-05-14 08:50:07"}
{"level":"info","message":"Server running on http://localhost:8900","timestamp":"2026-05-14 08:50:07"}
{"level":"info","message":"Data Source initialised","timestamp":"2026-05-14 08:50:41"}
{"level":"info","message":"Server running on http://localhost:8900","timestamp":"2026-05-14 08:50:41"}
{"level":"info","message":"login accessed by ::1","timestamp":"2026-05-14 08:51:29"}
{"level":"info","message":"::1 - - [14/May/2026:07:51:29 +0000] \"POST /api/login HTTP/1.1\" 202 228 \"-\" \"PostmanRuntime/7.54.0\"","timestamp":"2026-05-14 08:51:29"}
{"level":"info","message":"leave-requests accessed by ::1","timestamp":"2026-05-14 08:51:45"}
{"0":"2","1":"0","10":"T","11":"0","12":"7","13":":","14":"5","15":"1","16":":","17":"4","18":"5","19":".","2":"2","20":"5","21":"0","22":"1","23":"Z","3":"6","4":"-","5":"0","6":"5","7":"-","8":"1","9":"4","level":"error","message":"[Error]: Insufficient leave balance","timestamp":"2026-05-14 08:51:45"}
{"level":"info","message":"::1 - - [14/May/2026:07:51:45 +0000] \"POST /api/leave-requests HTTP/1.1\" 400 102 \"-\" \"PostmanRuntime/7.54.0\"","timestamp":"2026-05-14 08:51:45"}
{"level":"info","message":"leave-requests accessed by ::1","timestamp":"2026-05-14 08:51:53"}
{"0":"2","1":"0","10":"T","11":"0","12":"7","13":":","14":"5","15":"1","16":":","17":"5","18":"3","19":".","2":"2","20":"2","21":"0","22":"4","23":"Z","3":"6","4":"-","5":"0","6":"5","7":"-","8":"1","9":"4","level":"error","message":"[Error]: Column 'startDate' cannot be null","timestamp":"2026-05-14 08:51:53"}
{"level":"info","message":"::1 - - [14/May/2026:07:51:53 +0000] \"POST /api/leave-requests HTTP/1.1\" 400 109 \"-\" \"PostmanRuntime/7.54.0\"","timestamp":"2026-05-14 08:51:53"}
{"level":"info","message":"leave-requests accessed by ::1","timestamp":"2026-05-14 08:52:08"}
{"0":"2","1":"0","10":"T","11":"0","12":"7","13":":","14":"5","15":"2","16":":","17":"0","18":"8","19":".","2":"2","20":"6","21":"8","22":"2","23":"Z","3":"6","4":"-","5":"0","6":"5","7":"-","8":"1","9":"4","level":"error","message":"[Error]: Column 'startDate' cannot be null","timestamp":"2026-05-14 08:52:08"}
{"level":"info","message":"::1 - - [14/May/2026:07:52:08 +0000] \"POST /api/leave-requests HTTP/1.1\" 400 109 \"-\" \"PostmanRuntime/7.54.0\"","timestamp":"2026-05-14 08:52:08"}
{"level":"info","message":"leave-requests accessed by ::1","timestamp":"2026-05-14 08:52:11"}
{"0":"2","1":"0","10":"T","11":"0","12":"7","13":":","14":"5","15":"2","16":":","17":"1","18":"1","19":".","2":"2","20":"1","21":"8","22":"2","23":"Z","3":"6","4":"-","5":"0","6":"5","7":"-","8":"1","9":"4","level":"error","message":"[Error]: Column 'startDate' cannot be null","timestamp":"2026-05-14 08:52:11"}
{"level":"info","message":"::1 - - [14/May/2026:07:52:11 +0000] \"POST /api/leave-requests HTTP/1.1\" 400 109 \"-\" \"PostmanRuntime/7.54.0\"","timestamp":"2026-05-14 08:52:11"}
{"level":"info","message":"leave-requests accessed by ::1","timestamp":"2026-05-14 08:52:30"}
{"level":"info","message":"::1 - - [14/May/2026:07:52:30 +0000] \"POST /api/leave-requests HTTP/1.1\" 201 196 \"-\" \"PostmanRuntime/7.54.0\"","timestamp":"2026-05-14 08:52:30"}
{"level":"info","message":"Data Source initialised","timestamp":"2026-05-14 08:52:49"}
{"level":"info","message":"Server running on http://localhost:8900","timestamp":"2026-05-14 08:52:49"}
{"level":"info","message":"Data Source initialised","timestamp":"2026-05-14 08:52:58"}
{"level":"info","message":"Server running on http://localhost:8900","timestamp":"2026-05-14 08:52:58"}
{"level":"info","message":"leave-requests accessed by ::1","timestamp":"2026-05-14 08:53:00"}
{"0":"2","1":"0","10":"T","11":"0","12":"7","13":":","14":"5","15":"3","16":":","17":"0","18":"0","19":".","2":"2","20":"8","21":"0","22":"7","23":"Z","3":"6","4":"-","5":"0","6":"5","7":"-","8":"1","9":"4","level":"error","message":"[Error]: Date range of request overlaps with existing request","timestamp":"2026-05-14 08:53:00"}
{"level":"info","message":"::1 - - [14/May/2026:07:53:00 +0000] \"POST /api/leave-requests HTTP/1.1\" 400 128 \"-\" \"PostmanRuntime/7.54.0\"","timestamp":"2026-05-14 08:53:00"}
{"level":"info","message":"leave-requests accessed by ::1","timestamp":"2026-05-14 08:53:07"}
{"0":"2","1":"0","10":"T","11":"0","12":"7","13":":","14":"5","15":"3","16":":","17":"0","18":"7","19":".","2":"2","20":"3","21":"8","22":"9","23":"Z","3":"6","4":"-","5":"0","6":"5","7":"-","8":"1","9":"4","level":"error","message":"[Error]: Invalid Date format","timestamp":"2026-05-14 08:53:07"}
{"level":"info","message":"::1 - - [14/May/2026:07:53:07 +0000] \"POST /api/leave-requests HTTP/1.1\" 400 95 \"-\" \"PostmanRuntime/7.54.0\"","timestamp":"2026-05-14 08:53:07"}
{"level":"info","message":"leave-requests accessed by ::1","timestamp":"2026-05-14 08:53:14"}
{"0":"2","1":"0","10":"T","11":"0","12":"7","13":":","14":"5","15":"3","16":":","17":"1","18":"4","19":".","2":"2","20":"9","21":"4","22":"1","23":"Z","3":"6","4":"-","5":"0","6":"5","7":"-","8":"1","9":"4","level":"error","message":"[Error]: Invalid Date format","timestamp":"2026-05-14 08:53:14"}
{"level":"info","message":"::1 - - [14/May/2026:07:53:14 +0000] \"POST /api/leave-requests HTTP/1.1\" 400 95 \"-\" \"PostmanRuntime/7.54.0\"","timestamp":"2026-05-14 08:53:14"}
{"level":"info","message":"Data Source initialised","timestamp":"2026-05-14 09:01:40"}
{"level":"info","message":"Server running on http://localhost:8900","timestamp":"2026-05-14 09:01:40"}
{"level":"info","message":"login accessed by ::1","timestamp":"2026-05-14 09:01:56"}
{"level":"info","message":"::1 - - [14/May/2026:08:01:56 +0000] \"POST /api/login HTTP/1.1\" 202 227 \"-\" \"PostmanRuntime/7.54.0\"","timestamp":"2026-05-14 09:01:56"}
{"level":"info","message":"user-management accessed by ::1","timestamp":"2026-05-14 09:02:19"}
{"0":"2","1":"0","10":"T","11":"0","12":"8","13":":","14":"0","15":"2","16":":","17":"1","18":"9","19":".","2":"2","20":"7","21":"7","22":"9","23":"Z","3":"6","4":"-","5":"0","6":"5","7":"-","8":"1","9":"4","level":"error","message":"[Error]: endDate.getTime is not a function","timestamp":"2026-05-14 09:02:19"}
{"level":"info","message":"::1 - - [14/May/2026:08:02:19 +0000] \"DELETE /api/user-management/2 HTTP/1.1\" 400 109 \"-\" \"PostmanRuntime/7.54.0\"","timestamp":"2026-05-14 09:02:19"}
{"level":"info","message":"Data Source initialised","timestamp":"2026-05-14 09:04:04"}
{"level":"info","message":"Server running on http://localhost:8900","timestamp":"2026-05-14 09:04:04"}
{"level":"info","message":"user-management accessed by ::1","timestamp":"2026-05-14 09:04:11"}
{"0":"2","1":"0","10":"T","11":"0","12":"8","13":":","14":"0","15":"4","16":":","17":"1","18":"1","19":".","2":"2","20":"8","21":"2","22":"9","23":"Z","3":"6","4":"-","5":"0","6":"5","7":"-","8":"1","9":"4","level":"error","message":"[Error]: endDate.getTime is not a function","timestamp":"2026-05-14 09:04:11"}
{"level":"info","message":"::1 - - [14/May/2026:08:04:11 +0000] \"DELETE /api/user-management/2 HTTP/1.1\" 400 109 \"-\" \"PostmanRuntime/7.54.0\"","timestamp":"2026-05-14 09:04:11"}
{"level":"info","message":"user-management accessed by ::1","timestamp":"2026-05-14 09:04:12"}
{"0":"2","1":"0","10":"T","11":"0","12":"8","13":":","14":"0","15":"4","16":":","17":"1","18":"2","19":".","2":"2","20":"9","21":"7","22":"0","23":"Z","3":"6","4":"-","5":"0","6":"5","7":"-","8":"1","9":"4","level":"error","message":"[Error]: endDate.getTime is not a function","timestamp":"2026-05-14 09:04:12"}
{"level":"info","message":"::1 - - [14/May/2026:08:04:12 +0000] \"DELETE /api/user-management/2 HTTP/1.1\" 400 109 \"-\" \"PostmanRuntime/7.54.0\"","timestamp":"2026-05-14 09:04:12"}
{"level":"info","message":"Data Source initialised","timestamp":"2026-05-14 09:06:24"}
{"level":"info","message":"Server running on http://localhost:8900","timestamp":"2026-05-14 09:06:24"}
{"level":"info","message":"Data Source initialised","timestamp":"2026-05-14 09:07:01"}
{"level":"info","message":"Server running on http://localhost:8900","timestamp":"2026-05-14 09:07:01"}
{"level":"info","message":"Data Source initialised","timestamp":"2026-05-14 09:07:48"}
{"level":"info","message":"Server running on http://localhost:8900","timestamp":"2026-05-14 09:07:48"}
{"level":"info","message":"user-management accessed by ::1","timestamp":"2026-05-14 09:07:58"}
{"0":"2","1":"0","10":"T","11":"0","12":"8","13":":","14":"0","15":"7","16":":","17":"5","18":"8","19":".","2":"2","20":"8","21":"6","22":"7","23":"Z","3":"6","4":"-","5":"0","6":"5","7":"-","8":"1","9":"4","level":"error","message":"[Error]: Invalid Date format","timestamp":"2026-05-14 09:07:58"}
{"level":"info","message":"::1 - - [14/May/2026:08:07:58 +0000] \"DELETE /api/user-management/2 HTTP/1.1\" 400 95 \"-\" \"PostmanRuntime/7.54.0\"","timestamp":"2026-05-14 09:07:58"}
{"level":"info","message":"Data Source initialised","timestamp":"2026-05-14 09:08:34"}
{"level":"info","message":"Server running on http://localhost:8900","timestamp":"2026-05-14 09:08:34"}
{"level":"info","message":"Data Source initialised","timestamp":"2026-05-14 09:08:54"}
{"level":"info","message":"Server running on http://localhost:8900","timestamp":"2026-05-14 09:08:54"}
{"level":"info","message":"Data Source initialised","timestamp":"2026-05-14 09:09:14"}
{"level":"info","message":"Server running on http://localhost:8900","timestamp":"2026-05-14 09:09:14"}
{"level":"info","message":"user-management accessed by ::1","timestamp":"2026-05-14 09:09:24"}
{"0":"2","1":"0","10":"T","11":"0","12":"8","13":":","14":"0","15":"9","16":":","17":"2","18":"4","19":".","2":"2","20":"9","21":"1","22":"4","23":"Z","3":"6","4":"-","5":"0","6":"5","7":"-","8":"1","9":"4","level":"error","message":"[Error]: Invalid ID format","timestamp":"2026-05-14 09:09:24"}
{"level":"info","message":"::1 - - [14/May/2026:08:09:24 +0000] \"POST /api/user-management HTTP/1.1\" 400 93 \"-\" \"PostmanRuntime/7.54.0\"","timestamp":"2026-05-14 09:09:24"}
{"level":"info","message":"Data Source initialised","timestamp":"2026-05-14 09:09:46"}
{"level":"info","message":"Server running on http://localhost:8900","timestamp":"2026-05-14 09:09:46"}
{"level":"info","message":"user-management accessed by ::1","timestamp":"2026-05-14 09:09:49"}
{"0":"2","1":"0","10":"T","11":"0","12":"8","13":":","14":"0","15":"9","16":":","17":"4","18":"9","19":".","2":"2","20":"9","21":"2","22":"0","23":"Z","3":"6","4":"-","5":"0","6":"5","7":"-","8":"1","9":"4","level":"error","message":"[Error]: Invalid Date format","timestamp":"2026-05-14 09:09:49"}
{"level":"info","message":"::1 - - [14/May/2026:08:09:49 +0000] \"POST /api/user-management HTTP/1.1\" 400 95 \"-\" \"PostmanRuntime/7.54.0\"","timestamp":"2026-05-14 09:09:49"}
{"level":"info","message":"user-management accessed by ::1","timestamp":"2026-05-14 09:09:54"}
{"level":"info","message":"::1 - - [14/May/2026:08:09:54 +0000] \"POST /api/user-management HTTP/1.1\" 201 106 \"-\" \"PostmanRuntime/7.54.0\"","timestamp":"2026-05-14 09:09:54"}
{"level":"info","message":"Data Source initialised","timestamp":"2026-05-14 09:42:39"}
{"level":"info","message":"Server running on http://localhost:8900","timestamp":"2026-05-14 09:42:39"}
{"level":"warn","message":"Unauthorised access attempt by manager@email.com (role: manager)","timestamp":"2026-05-15 21:01:06"}
{"level":"warn","message":"Unauthorised access attempt by manager@email.com (role: manager)","timestamp":"2026-05-15 21:54:07"}
{"level":"warn","message":"Unauthorised access attempt by manager@email.com (role: manager)","timestamp":"2026-05-15 21:54:42"}
{"level":"warn","message":"Unauthorised access attempt by manager@email.com (role: manager)","timestamp":"2026-05-15 21:57:19"}
{"level":"warn","message":"Unauthorised access attempt by manager@email.com (role: manager)","timestamp":"2026-05-15 21:57:19"}
{"level":"warn","message":"Unauthorised access attempt by manager@email.com (role: manager)","timestamp":"2026-05-15 21:58:06"}
{"level":"warn","message":"Unauthorised access attempt by manager@email.com (role: manager)","timestamp":"2026-05-15 22:03:13"}
{"level":"warn","message":"Unauthorised access attempt by manager@email.com (role: manager)","timestamp":"2026-05-15 22:06:30"}
{"level":"warn","message":"Unauthorised access attempt by manager@email.com (role: manager)","timestamp":"2026-05-15 22:07:52"}
{"level":"warn","message":"Unauthorised access attempt by manager@email.com (role: manager)","timestamp":"2026-05-15 22:17:30"}
{"level":"warn","message":"Unauthorised access attempt by manager@email.com (role: manager)","timestamp":"2026-05-15 22:17:30"}
{"level":"warn","message":"Unauthorised access attempt by manager@email.com (role: manager)","timestamp":"2026-05-15 22:19:06"}
{"level":"warn","message":"Unauthorised access attempt by manager@email.com (role: manager)","timestamp":"2026-05-15 22:19:06"}
{"level":"warn","message":"Unauthorised access attempt by manager@email.com (role: manager)","timestamp":"2026-05-15 22:23:10"}
{"level":"warn","message":"Unauthorised access attempt by manager@email.com (role: manager)","timestamp":"2026-05-15 22:23:10"}
{"level":"warn","message":"Unauthorised access attempt by manager@email.com (role: manager)","timestamp":"2026-05-15 22:23:24"}
{"level":"warn","message":"Unauthorised access attempt by manager@email.com (role: manager)","timestamp":"2026-05-15 22:23:24"}
{"level":"warn","message":"Unauthorised access attempt by manager@email.com (role: manager)","timestamp":"2026-05-15 22:36:15"}
{"level":"warn","message":"Unauthorised access attempt by manager@email.com (role: manager)","timestamp":"2026-05-15 22:36:15"}
{"level":"warn","message":"Unauthorised access attempt by manager@email.com (role: manager)","timestamp":"2026-05-15 22:36:15"}
{"level":"warn","message":"Unauthorised access attempt by manager@email.com (role: manager)","timestamp":"2026-05-15 22:38:58"}
{"level":"warn","message":"Unauthorised access attempt by manager@email.com (role: manager)","timestamp":"2026-05-15 22:38:58"}
{"level":"warn","message":"Unauthorised access attempt by manager@email.com (role: manager)","timestamp":"2026-05-15 22:40:16"}
{"level":"warn","message":"Unauthorised access attempt by manager@email.com (role: manager)","timestamp":"2026-05-15 22:40:16"}
{"level":"warn","message":"Unauthorised access attempt by manager@email.com (role: manager)","timestamp":"2026-05-15 22:40:16"}
{"level":"warn","message":"Unauthorised access attempt by manager@email.com (role: manager)","timestamp":"2026-05-15 22:42:18"}
{"level":"warn","message":"Unauthorised access attempt by manager@email.com (role: manager)","timestamp":"2026-05-15 22:42:18"}
{"level":"warn","message":"Unauthorised access attempt by manager@email.com (role: manager)","timestamp":"2026-05-15 23:49:54"}
{"level":"warn","message":"Unauthorised access attempt by manager@email.com (role: manager)","timestamp":"2026-05-15 23:49:54"}
{"level":"warn","message":"Unauthorised access attempt by manager@email.com (role: manager)","timestamp":"2026-05-15 23:49:54"}
{"level":"warn","message":"Unauthorised access attempt by manager@email.com (role: manager)","timestamp":"2026-05-16 00:32:37"}
{"level":"warn","message":"Unauthorised access attempt by manager@email.com (role: manager)","timestamp":"2026-05-16 00:32:37"}
{"level":"warn","message":"Unauthorised access attempt by manager@email.com (role: manager)","timestamp":"2026-05-16 00:32:37"}
{"level":"warn","message":"Unauthorised access attempt by manager@email.com (role: manager)","timestamp":"2026-05-16 00:34:45"}
{"level":"warn","message":"Unauthorised access attempt by manager@email.com (role: manager)","timestamp":"2026-05-16 00:34:45"}
{"level":"warn","message":"Unauthorised access attempt by manager@email.com (role: manager)","timestamp":"2026-05-16 00:34:45"}
{"level":"warn","message":"Unauthorised access attempt by manager@email.com (role: manager)","timestamp":"2026-05-16 00:38:25"}
{"level":"warn","message":"Unauthorised access attempt by staff@email.com (role: staff)","timestamp":"2026-05-16 00:38:25"}
{"level":"warn","message":"Unauthorised access attempt by manager@email.com (role: manager)","timestamp":"2026-05-16 00:38:25"}
{"level":"warn","message":"Unauthorised access attempt by manager@email.com (role: manager)","timestamp":"2026-05-16 00:38:25"}
{"level":"warn","message":"Unauthorised access attempt by manager@email.com (role: manager)","timestamp":"2026-05-16 00:47:33"}
{"level":"warn","message":"Unauthorised access attempt by staff@email.com (role: staff)","timestamp":"2026-05-16 00:47:33"}
{"level":"warn","message":"Unauthorised access attempt by manager@email.com (role: manager)","timestamp":"2026-05-16 00:47:33"}
{"level":"warn","message":"Unauthorised access attempt by manager@email.com (role: manager)","timestamp":"2026-05-16 00:47:33"}
{"level":"warn","message":"Unauthorised access attempt by manager@email.com (role: manager)","timestamp":"2026-05-16 00:48:02"}
{"level":"warn","message":"Unauthorised access attempt by staff@email.com (role: staff)","timestamp":"2026-05-16 00:48:02"}
{"level":"warn","message":"Unauthorised access attempt by manager@email.com (role: manager)","timestamp":"2026-05-16 00:48:02"}
{"level":"warn","message":"Unauthorised access attempt by manager@email.com (role: manager)","timestamp":"2026-05-16 00:48:02"}
{"level":"warn","message":"Unauthorised access attempt by manager@email.com (role: manager)","timestamp":"2026-05-16 00:48:07"}
{"level":"warn","message":"Unauthorised access attempt by staff@email.com (role: staff)","timestamp":"2026-05-16 00:48:07"}
{"level":"warn","message":"Unauthorised access attempt by manager@email.com (role: manager)","timestamp":"2026-05-16 00:48:07"}
{"level":"warn","message":"Unauthorised access attempt by manager@email.com (role: manager)","timestamp":"2026-05-16 00:48:07"}
{"level":"warn","message":"Unauthorised access attempt by manager@email.com (role: manager)","timestamp":"2026-05-16 01:23:56"}
{"level":"warn","message":"Unauthorised access attempt by staff@email.com (role: staff)","timestamp":"2026-05-16 01:23:56"}
{"level":"warn","message":"Unauthorised access attempt by manager@email.com (role: manager)","timestamp":"2026-05-16 01:23:56"}
{"level":"warn","message":"Unauthorised access attempt by manager@email.com (role: manager)","timestamp":"2026-05-16 01:23:56"}
{"level":"warn","message":"Unauthorised access attempt by manager@email.com (role: manager)","timestamp":"2026-05-16 01:25:03"}
{"level":"warn","message":"Unauthorised access attempt by staff@email.com (role: staff)","timestamp":"2026-05-16 01:25:03"}
{"level":"warn","message":"Unauthorised access attempt by manager@email.com (role: manager)","timestamp":"2026-05-16 01:25:03"}
{"level":"warn","message":"Unauthorised access attempt by manager@email.com (role: manager)","timestamp":"2026-05-16 01:25:03"}
{"level":"warn","message":"Unauthorised access attempt by manager@email.com (role: manager)","timestamp":"2026-05-16 01:26:39"}
{"level":"warn","message":"Unauthorised access attempt by staff@email.com (role: staff)","timestamp":"2026-05-16 01:26:39"}
{"level":"warn","message":"Unauthorised access attempt by manager@email.com (role: manager)","timestamp":"2026-05-16 01:26:39"}
{"level":"warn","message":"Unauthorised access attempt by manager@email.com (role: manager)","timestamp":"2026-05-16 01:26:39"}
{"level":"warn","message":"Unauthorised access attempt by manager@email.com (role: manager)","timestamp":"2026-05-16 01:28:14"}
{"level":"warn","message":"Unauthorised access attempt by staff@email.com (role: staff)","timestamp":"2026-05-16 01:28:14"}
{"level":"warn","message":"Unauthorised access attempt by manager@email.com (role: manager)","timestamp":"2026-05-16 01:28:14"}
{"level":"warn","message":"Unauthorised access attempt by manager@email.com (role: manager)","timestamp":"2026-05-16 01:28:14"}
{"level":"warn","message":"Unauthorised access attempt by manager@email.com (role: manager)","timestamp":"2026-05-16 01:29:44"}
{"level":"warn","message":"Unauthorised access attempt by staff@email.com (role: staff)","timestamp":"2026-05-16 01:29:44"}
{"level":"warn","message":"Unauthorised access attempt by manager@email.com (role: manager)","timestamp":"2026-05-16 01:29:44"}
{"level":"warn","message":"Unauthorised access attempt by manager@email.com (role: manager)","timestamp":"2026-05-16 01:29:44"}
{"level":"warn","message":"Unauthorised access attempt by manager@email.com (role: manager)","timestamp":"2026-05-16 01:30:55"}
{"level":"warn","message":"Unauthorised access attempt by staff@email.com (role: staff)","timestamp":"2026-05-16 01:30:55"}
{"level":"warn","message":"Unauthorised access attempt by manager@email.com (role: manager)","timestamp":"2026-05-16 01:30:55"}
{"level":"warn","message":"Unauthorised access attempt by manager@email.com (role: manager)","timestamp":"2026-05-16 01:30:55"}
{"level":"warn","message":"Unauthorised access attempt by manager@email.com (role: manager)","timestamp":"2026-05-16 01:31:33"}
{"level":"warn","message":"Unauthorised access attempt by staff@email.com (role: staff)","timestamp":"2026-05-16 01:31:33"}
{"level":"warn","message":"Unauthorised access attempt by manager@email.com (role: manager)","timestamp":"2026-05-16 01:31:33"}
{"level":"warn","message":"Unauthorised access attempt by manager@email.com (role: manager)","timestamp":"2026-05-16 01:31:33"}
{"level":"warn","message":"Unauthorised access attempt by manager@email.com (role: manager)","timestamp":"2026-05-16 01:35:35"}
{"level":"warn","message":"Unauthorised access attempt by staff@email.com (role: staff)","timestamp":"2026-05-16 01:35:35"}
{"level":"warn","message":"Unauthorised access attempt by manager@email.com (role: manager)","timestamp":"2026-05-16 01:35:35"}
{"level":"warn","message":"Unauthorised access attempt by manager@email.com (role: manager)","timestamp":"2026-05-16 01:35:35"}
{"level":"warn","message":"Unauthorised access attempt by staff@email.com (role: staff)","timestamp":"2026-05-16 01:35:35"}
{"level":"warn","message":"Unauthorised access attempt by manager@email.com (role: manager)","timestamp":"2026-05-16 01:37:31"}
{"level":"warn","message":"Unauthorised access attempt by staff@email.com (role: staff)","timestamp":"2026-05-16 01:37:31"}
{"level":"warn","message":"Unauthorised access attempt by manager@email.com (role: manager)","timestamp":"2026-05-16 01:37:31"}
{"level":"warn","message":"Unauthorised access attempt by manager@email.com (role: manager)","timestamp":"2026-05-16 01:37:31"}
{"level":"warn","message":"Unauthorised access attempt by staff@email.com (role: staff)","timestamp":"2026-05-16 01:37:31"}
{"level":"warn","message":"Unauthorised access attempt by manager@email.com (role: manager)","timestamp":"2026-05-16 01:37:46"}
{"level":"warn","message":"Unauthorised access attempt by staff@email.com (role: staff)","timestamp":"2026-05-16 01:37:46"}
{"level":"warn","message":"Unauthorised access attempt by manager@email.com (role: manager)","timestamp":"2026-05-16 01:37:46"}
{"level":"warn","message":"Unauthorised access attempt by manager@email.com (role: manager)","timestamp":"2026-05-16 01:37:46"}
{"level":"warn","message":"Unauthorised access attempt by manager@email.com (role: manager)","timestamp":"2026-05-16 01:40:21"}
{"level":"warn","message":"Unauthorised access attempt by staff@email.com (role: staff)","timestamp":"2026-05-16 01:40:21"}
{"level":"warn","message":"Unauthorised access attempt by manager@email.com (role: manager)","timestamp":"2026-05-16 01:40:21"}
{"level":"warn","message":"Unauthorised access attempt by manager@email.com (role: manager)","timestamp":"2026-05-16 01:40:21"}
{"level":"warn","message":"Unauthorised access attempt by manager@email.com (role: manager)","timestamp":"2026-05-16 01:44:19"}
{"level":"warn","message":"Unauthorised access attempt by staff@email.com (role: staff)","timestamp":"2026-05-16 01:44:19"}
{"level":"warn","message":"Unauthorised access attempt by manager@email.com (role: manager)","timestamp":"2026-05-16 01:44:19"}
{"level":"warn","message":"Unauthorised access attempt by manager@email.com (role: manager)","timestamp":"2026-05-16 01:44:19"}
{"level":"warn","message":"Unauthorised access attempt by manager@email.com (role: manager)","timestamp":"2026-05-16 01:44:19"}
{"level":"warn","message":"Unauthorised access attempt by manager@email.com (role: manager)","timestamp":"2026-05-16 02:07:58"}
{"level":"warn","message":"Unauthorised access attempt by staff@email.com (role: staff)","timestamp":"2026-05-16 02:07:58"}
{"level":"warn","message":"Unauthorised access attempt by manager@email.com (role: manager)","timestamp":"2026-05-16 02:07:58"}
{"level":"warn","message":"Unauthorised access attempt by manager@email.com (role: manager)","timestamp":"2026-05-16 02:07:58"}
{"level":"warn","message":"Unauthorised access attempt by manager@email.com (role: manager)","timestamp":"2026-05-16 02:07:58"}
{"level":"warn","message":"Unauthorised access attempt by manager@email.com (role: manager)","timestamp":"2026-05-16 02:08:22"}
{"level":"warn","message":"Unauthorised access attempt by staff@email.com (role: staff)","timestamp":"2026-05-16 02:08:22"}
{"level":"warn","message":"Unauthorised access attempt by manager@email.com (role: manager)","timestamp":"2026-05-16 02:08:22"}
{"level":"warn","message":"Unauthorised access attempt by manager@email.com (role: manager)","timestamp":"2026-05-16 02:08:22"}
{"level":"warn","message":"Unauthorised access attempt by manager@email.com (role: manager)","timestamp":"2026-05-16 02:08:22"}
{"level":"warn","message":"Unauthorised access attempt by manager@email.com (role: manager)","timestamp":"2026-05-16 02:09:49"}
{"level":"warn","message":"Unauthorised access attempt by staff@email.com (role: staff)","timestamp":"2026-05-16 02:09:49"}
{"level":"warn","message":"Unauthorised access attempt by manager@email.com (role: manager)","timestamp":"2026-05-16 02:09:49"}
{"level":"warn","message":"Unauthorised access attempt by manager@email.com (role: manager)","timestamp":"2026-05-16 02:09:49"}
{"level":"warn","message":"Unauthorised access attempt by manager@email.com (role: manager)","timestamp":"2026-05-16 02:09:49"}
{"level":"warn","message":"Unauthorised access attempt by manager@email.com (role: manager)","timestamp":"2026-05-16 02:11:12"}
{"level":"warn","message":"Unauthorised access attempt by staff@email.com (role: staff)","timestamp":"2026-05-16 02:11:12"}
{"level":"warn","message":"Unauthorised access attempt by manager@email.com (role: manager)","timestamp":"2026-05-16 02:11:12"}
{"level":"warn","message":"Unauthorised access attempt by manager@email.com (role: manager)","timestamp":"2026-05-16 02:11:12"}
{"level":"warn","message":"Unauthorised access attempt by manager@email.com (role: manager)","timestamp":"2026-05-16 02:11:12"}
{"level":"warn","message":"Unauthorised access attempt by manager@email.com (role: manager)","timestamp":"2026-05-16 02:11:28"}
{"level":"warn","message":"Unauthorised access attempt by staff@email.com (role: staff)","timestamp":"2026-05-16 02:11:28"}
{"level":"warn","message":"Unauthorised access attempt by manager@email.com (role: manager)","timestamp":"2026-05-16 02:11:28"}
{"level":"warn","message":"Unauthorised access attempt by manager@email.com (role: manager)","timestamp":"2026-05-16 02:11:28"}
{"level":"warn","message":"Unauthorised access attempt by manager@email.com (role: manager)","timestamp":"2026-05-16 02:11:28"}
{"level":"warn","message":"Unauthorised access attempt by manager@email.com (role: manager)","timestamp":"2026-05-16 02:12:00"}
{"level":"warn","message":"Unauthorised access attempt by staff@email.com (role: staff)","timestamp":"2026-05-16 02:12:00"}
{"level":"warn","message":"Unauthorised access attempt by manager@email.com (role: manager)","timestamp":"2026-05-16 02:12:00"}
{"level":"warn","message":"Unauthorised access attempt by manager@email.com (role: manager)","timestamp":"2026-05-16 02:12:00"}
{"level":"warn","message":"Unauthorised access attempt by manager@email.com (role: manager)","timestamp":"2026-05-16 02:12:00"}
{"level":"warn","message":"Unauthorised access attempt by manager@email.com (role: manager)","timestamp":"2026-05-16 02:12:06"}
{"level":"warn","message":"Unauthorised access attempt by staff@email.com (role: staff)","timestamp":"2026-05-16 02:12:06"}
{"level":"warn","message":"Unauthorised access attempt by manager@email.com (role: manager)","timestamp":"2026-05-16 02:12:06"}
{"level":"warn","message":"Unauthorised access attempt by manager@email.com (role: manager)","timestamp":"2026-05-16 02:12:06"}
{"level":"warn","message":"Unauthorised access attempt by manager@email.com (role: manager)","timestamp":"2026-05-16 02:12:06"}
{"level":"warn","message":"Unauthorised access attempt by manager@email.com (role: manager)","timestamp":"2026-05-16 02:13:10"}
{"level":"warn","message":"Unauthorised access attempt by staff@email.com (role: staff)","timestamp":"2026-05-16 02:13:10"}
{"level":"warn","message":"Unauthorised access attempt by manager@email.com (role: manager)","timestamp":"2026-05-16 02:13:10"}
{"level":"warn","message":"Unauthorised access attempt by manager@email.com (role: manager)","timestamp":"2026-05-16 02:13:10"}
{"level":"warn","message":"Unauthorised access attempt by manager@email.com (role: manager)","timestamp":"2026-05-16 02:13:10"}
{"level":"warn","message":"Unauthorised access attempt by manager@email.com (role: manager)","timestamp":"2026-05-16 02:14:19"}
{"level":"warn","message":"Unauthorised access attempt by staff@email.com (role: staff)","timestamp":"2026-05-16 02:14:19"}
{"level":"warn","message":"Unauthorised access attempt by manager@email.com (role: manager)","timestamp":"2026-05-16 02:14:19"}
{"level":"warn","message":"Unauthorised access attempt by manager@email.com (role: manager)","timestamp":"2026-05-16 02:14:19"}
{"level":"warn","message":"Unauthorised access attempt by manager@email.com (role: manager)","timestamp":"2026-05-16 02:14:19"}
{"level":"warn","message":"Unauthorised access attempt by manager@email.com (role: manager)","timestamp":"2026-05-16 02:27:34"}
{"level":"warn","message":"Unauthorised access attempt by staff@email.com (role: staff)","timestamp":"2026-05-16 02:27:34"}
{"level":"warn","message":"Unauthorised access attempt by manager@email.com (role: manager)","timestamp":"2026-05-16 02:27:34"}
{"level":"warn","message":"Unauthorised access attempt by manager@email.com (role: manager)","timestamp":"2026-05-16 02:27:34"}
{"level":"warn","message":"Unauthorised access attempt by manager@email.com (role: manager)","timestamp":"2026-05-16 02:27:34"}
{"level":"warn","message":"Unauthorised access attempt by manager@email.com (role: manager)","timestamp":"2026-05-16 02:28:13"}
{"level":"warn","message":"Unauthorised access attempt by staff@email.com (role: staff)","timestamp":"2026-05-16 02:28:13"}
{"level":"warn","message":"Unauthorised access attempt by manager@email.com (role: manager)","timestamp":"2026-05-16 02:28:13"}
{"level":"warn","message":"Unauthorised access attempt by manager@email.com (role: manager)","timestamp":"2026-05-16 02:28:13"}
{"level":"warn","message":"Unauthorised access attempt by manager@email.com (role: manager)","timestamp":"2026-05-16 02:28:13"}
{"level":"warn","message":"Unauthorised access attempt by manager@email.com (role: manager)","timestamp":"2026-05-16 02:29:05"}
{"level":"warn","message":"Unauthorised access attempt by staff@email.com (role: staff)","timestamp":"2026-05-16 02:29:05"}
{"level":"warn","message":"Unauthorised access attempt by manager@email.com (role: manager)","timestamp":"2026-05-16 02:29:05"}
{"level":"warn","message":"Unauthorised access attempt by manager@email.com (role: manager)","timestamp":"2026-05-16 02:29:05"}
{"level":"warn","message":"Unauthorised access attempt by manager@email.com (role: manager)","timestamp":"2026-05-16 02:29:05"}
{"level":"warn","message":"Unauthorised access attempt by manager@email.com (role: manager)","timestamp":"2026-05-16 02:31:34"}
{"level":"warn","message":"Unauthorised access attempt by staff@email.com (role: staff)","timestamp":"2026-05-16 02:31:34"}
{"level":"warn","message":"Unauthorised access attempt by manager@email.com (role: manager)","timestamp":"2026-05-16 02:31:34"}
{"level":"warn","message":"Unauthorised access attempt by manager@email.com (role: manager)","timestamp":"2026-05-16 02:31:34"}
{"level":"warn","message":"Unauthorised access attempt by manager@email.com (role: manager)","timestamp":"2026-05-16 02:31:34"}
{"level":"warn","message":"Unauthorised access attempt by manager@email.com (role: manager)","timestamp":"2026-05-16 02:44:04"}
{"level":"warn","message":"Unauthorised access attempt by staff@email.com (role: staff)","timestamp":"2026-05-16 02:44:05"}
{"level":"warn","message":"Unauthorised access attempt by manager@email.com (role: manager)","timestamp":"2026-05-16 02:44:05"}
{"level":"warn","message":"Unauthorised access attempt by manager@email.com (role: manager)","timestamp":"2026-05-16 02:44:05"}
{"level":"warn","message":"Unauthorised access attempt by manager@email.com (role: manager)","timestamp":"2026-05-16 02:44:05"}
{"level":"warn","message":"Unauthorised access attempt by manager@email.com (role: manager)","timestamp":"2026-05-16 02:44:05"}
{"level":"warn","message":"Unauthorised access attempt by manager@email.com (role: manager)","timestamp":"2026-05-17 01:02:36"}
{"level":"warn","message":"Unauthorised access attempt by staff@email.com (role: staff)","timestamp":"2026-05-17 01:02:36"}
{"level":"warn","message":"Unauthorised access attempt by manager@email.com (role: manager)","timestamp":"2026-05-17 01:02:36"}
{"level":"warn","message":"Unauthorised access attempt by manager@email.com (role: manager)","timestamp":"2026-05-17 01:02:36"}
{"level":"warn","message":"Unauthorised access attempt by manager@email.com (role: manager)","timestamp":"2026-05-17 01:02:36"}
{"level":"warn","message":"Unauthorised access attempt by manager@email.com (role: manager)","timestamp":"2026-05-17 01:02:36"}
{"level":"info","message":"Data Source initialised","timestamp":"2026-05-17 15:04:30"}
{"level":"info","message":"Server running on http://localhost:8900","timestamp":"2026-05-17 15:04:30"}
{"level":"error","message":"Not authorised - Token is invalid","timestamp":"2026-05-17 15:04:56"}
{"0":"2","1":"0","10":"T","11":"1","12":"4","13":":","14":"0","15":"4","16":":","17":"5","18":"6","19":".","2":"2","20":"9","21":"4","22":"0","23":"Z","3":"6","4":"-","5":"0","6":"5","7":"-","8":"1","9":"7","level":"error","message":"[Error]: Not authorised - Token is invalid","timestamp":"2026-05-17 15:04:56"}
{"level":"info","message":"::1 - - [17/May/2026:14:04:56 +0000] \"POST /api/roles HTTP/1.1\" 401 109 \"-\" \"PostmanRuntime/7.54.0\"","timestamp":"2026-05-17 15:04:56"}
{"level":"info","message":"Data Source initialised","timestamp":"2026-05-17 15:06:45"}
{"level":"info","message":"Server running on http://localhost:8900","timestamp":"2026-05-17 15:06:45"}
{"level":"info","message":"users accessed by ::1","timestamp":"2026-05-17 15:06:51"}
{"level":"warn","message":"Unauthorised access attempt: No signed-in user","timestamp":"2026-05-17 15:06:51"}
{"0":"2","1":"0","10":"T","11":"1","12":"4","13":":","14":"0","15":"6","16":":","17":"5","18":"1","19":".","2":"2","20":"5","21":"2","22":"9","23":"Z","3":"6","4":"-","5":"0","6":"5","7":"-","8":"1","9":"7","level":"error","message":"[Error]: Not authenticated","timestamp":"2026-05-17 15:06:51"}
{"level":"info","message":"::1 - - [17/May/2026:14:06:51 +0000] \"POST /api/users HTTP/1.1\" 401 93 \"-\" \"PostmanRuntime/7.54.0\"","timestamp":"2026-05-17 15:06:51"}
{"level":"info","message":"Data Source initialised","timestamp":"2026-05-17 15:06:59"}
{"level":"info","message":"Server running on http://localhost:8900","timestamp":"2026-05-17 15:06:59"}
{"level":"info","message":"Data Source initialised","timestamp":"2026-05-17 15:07:42"}
{"level":"info","message":"Server running on http://localhost:8900","timestamp":"2026-05-17 15:07:42"}
{"level":"info","message":"Data Source initialised","timestamp":"2026-05-17 15:07:47"}
{"level":"info","message":"Server running on http://localhost:8900","timestamp":"2026-05-17 15:07:47"}
{"level":"warn","message":"Unauthorised access attempt: No signed-in user","timestamp":"2026-05-17 15:07:49"}
{"0":"2","1":"0","10":"T","11":"1","12":"4","13":":","14":"0","15":"7","16":":","17":"4","18":"9","19":".","2":"2","20":"6","21":"0","22":"9","23":"Z","3":"6","4":"-","5":"0","6":"5","7":"-","8":"1","9":"7","level":"error","message":"[Error]: Not authenticated","timestamp":"2026-05-17 15:07:49"}
{"level":"info","message":"::1 - - [17/May/2026:14:07:49 +0000] \"POST /api/users HTTP/1.1\" 401 93 \"-\" \"PostmanRuntime/7.54.0\"","timestamp":"2026-05-17 15:07:49"}
{"level":"info","message":"Data Source initialised","timestamp":"2026-05-17 15:08:37"}
{"level":"info","message":"Server running on http://localhost:8900","timestamp":"2026-05-17 15:08:37"}
{"level":"info","message":"Data Source initialised","timestamp":"2026-05-17 15:08:43"}
{"level":"info","message":"Server running on http://localhost:8900","timestamp":"2026-05-17 15:08:43"}
{"level":"info","message":"Data Source initialised","timestamp":"2026-05-17 15:08:49"}
{"level":"info","message":"Server running on http://localhost:8900","timestamp":"2026-05-17 15:08:49"}
{"level":"warn","message":"Unauthorised access attempt: No signed-in user","timestamp":"2026-05-17 15:08:51"}
{"0":"2","1":"0","10":"T","11":"1","12":"4","13":":","14":"0","15":"8","16":":","17":"5","18":"1","19":".","2":"2","20":"3","21":"8","22":"0","23":"Z","3":"6","4":"-","5":"0","6":"5","7":"-","8":"1","9":"7","level":"error","message":"[Error]: Not authenticated","timestamp":"2026-05-17 15:08:51"}
{"level":"info","message":"::1 - - [17/May/2026:14:08:51 +0000] \"POST /api/users HTTP/1.1\" 401 93 \"-\" \"PostmanRuntime/7.54.0\"","timestamp":"2026-05-17 15:08:51"}
{"level":"warn","message":"Unauthorised access attempt: No signed-in user","timestamp":"2026-05-17 15:08:52"}
{"0":"2","1":"0","10":"T","11":"1","12":"4","13":":","14":"0","15":"8","16":":","17":"5","18":"2","19":".","2":"2","20":"7","21":"0","22":"1","23":"Z","3":"6","4":"-","5":"0","6":"5","7":"-","8":"1","9":"7","level":"error","message":"[Error]: Not authenticated","timestamp":"2026-05-17 15:08:52"}
{"level":"info","message":"::1 - - [17/May/2026:14:08:52 +0000] \"POST /api/users HTTP/1.1\" 401 93 \"-\" \"PostmanRuntime/7.54.0\"","timestamp":"2026-05-17 15:08:52"}
{"level":"warn","message":"Unauthorised access attempt: No signed-in user","timestamp":"2026-05-17 15:08:55"}
{"0":"2","1":"0","10":"T","11":"1","12":"4","13":":","14":"0","15":"8","16":":","17":"5","18":"5","19":".","2":"2","20":"3","21":"3","22":"2","23":"Z","3":"6","4":"-","5":"0","6":"5","7":"-","8":"1","9":"7","level":"error","message":"[Error]: Not authenticated","timestamp":"2026-05-17 15:08:55"}
{"level":"info","message":"::1 - - [17/May/2026:14:08:55 +0000] \"POST /api/users HTTP/1.1\" 401 93 \"-\" \"PostmanRuntime/7.54.0\"","timestamp":"2026-05-17 15:08:55"}
{"level":"info","message":"Data Source initialised","timestamp":"2026-05-17 15:09:10"}
{"level":"info","message":"Server running on http://localhost:8900","timestamp":"2026-05-17 15:09:10"}
{"level":"info","message":"Data Source initialised","timestamp":"2026-05-17 15:09:13"}
{"level":"info","message":"Server running on http://localhost:8900","timestamp":"2026-05-17 15:09:13"}
{"level":"info","message":"Data Source initialised","timestamp":"2026-05-17 15:09:18"}
{"level":"info","message":"Server running on http://localhost:8900","timestamp":"2026-05-17 15:09:18"}
{"level":"info","message":"Data Source initialised","timestamp":"2026-05-17 15:09:27"}
{"level":"info","message":"Server running on http://localhost:8900","timestamp":"2026-05-17 15:09:27"}
{"level":"info","message":"Data Source initialised","timestamp":"2026-05-17 15:11:45"}
{"level":"info","message":"Server running on http://localhost:8900","timestamp":"2026-05-17 15:11:45"}
{"level":"error","message":"Not authorised - Token is invalid","timestamp":"2026-05-17 15:11:48"}
{"0":"2","1":"0","10":"T","11":"1","12":"4","13":":","14":"1","15":"1","16":":","17":"4","18":"8","19":".","2":"2","20":"4","21":"3","22":"3","23":"Z","3":"6","4":"-","5":"0","6":"5","7":"-","8":"1","9":"7","level":"error","message":"[Error]: Not authorised - Token is invalid","timestamp":"2026-05-17 15:11:48"}
{"level":"info","message":"::1 - - [17/May/2026:14:11:48 +0000] \"POST /api/users HTTP/1.1\" 401 109 \"-\" \"PostmanRuntime/7.54.0\"","timestamp":"2026-05-17 15:11:48"}
{"level":"error","message":"Not authorised - Token is invalid","timestamp":"2026-05-17 15:11:49"}
{"0":"2","1":"0","10":"T","11":"1","12":"4","13":":","14":"1","15":"1","16":":","17":"4","18":"9","19":".","2":"2","20":"7","21":"3","22":"2","23":"Z","3":"6","4":"-","5":"0","6":"5","7":"-","8":"1","9":"7","level":"error","message":"[Error]: Not authorised - Token is invalid","timestamp":"2026-05-17 15:11:49"}
{"level":"info","message":"::1 - - [17/May/2026:14:11:49 +0000] \"POST /api/users HTTP/1.1\" 401 109 \"-\" \"PostmanRuntime/7.54.0\"","timestamp":"2026-05-17 15:11:49"}
{"level":"error","message":"Not authorised - Token is invalid","timestamp":"2026-05-17 15:11:52"}
{"0":"2","1":"0","10":"T","11":"1","12":"4","13":":","14":"1","15":"1","16":":","17":"5","18":"2","19":".","2":"2","20":"4","21":"7","22":"1","23":"Z","3":"6","4":"-","5":"0","6":"5","7":"-","8":"1","9":"7","level":"error","message":"[Error]: Not authorised - Token is invalid","timestamp":"2026-05-17 15:11:52"}
{"level":"info","message":"::1 - - [17/May/2026:14:11:52 +0000] \"POST /api/users HTTP/1.1\" 401 109 \"-\" \"PostmanRuntime/7.54.0\"","timestamp":"2026-05-17 15:11:52"}
{"level":"info","message":"Data Source initialised","timestamp":"2026-05-17 15:12:25"}
{"level":"info","message":"Server running on http://localhost:8900","timestamp":"2026-05-17 15:12:25"}
{"level":"info","message":"::1 - - [17/May/2026:14:12:26 +0000] \"POST /api/users HTTP/1.1\" 201 116 \"-\" \"PostmanRuntime/7.54.0\"","timestamp":"2026-05-17 15:12:26"}
{"level":"info","message":"::1 - - [17/May/2026:14:12:31 +0000] \"POST /api/users HTTP/1.1\" 201 121 \"-\" \"PostmanRuntime/7.54.0\"","timestamp":"2026-05-17 15:12:31"}
{"level":"info","message":"::1 - - [17/May/2026:14:12:33 +0000] \"POST /api/users HTTP/1.1\" 201 118 \"-\" \"PostmanRuntime/7.54.0\"","timestamp":"2026-05-17 15:12:33"}
{"level":"info","message":"Data Source initialised","timestamp":"2026-05-17 15:12:43"}
{"level":"info","message":"Server running on http://localhost:8900","timestamp":"2026-05-17 15:12:43"}
{"level":"info","message":"Data Source initialised","timestamp":"2026-05-17 15:12:51"}
{"level":"info","message":"Server running on http://localhost:8900","timestamp":"2026-05-17 15:12:51"}
{"level":"error","message":"Not authorised - Token is invalid","timestamp":"2026-05-17 15:13:34"}
{"0":"2","1":"0","10":"T","11":"1","12":"4","13":":","14":"1","15":"3","16":":","17":"3","18":"4","19":".","2":"2","20":"4","21":"6","22":"8","23":"Z","3":"6","4":"-","5":"0","6":"5","7":"-","8":"1","9":"7","level":"error","message":"[Error]: Not authorised - Token is invalid","timestamp":"2026-05-17 15:13:34"}
{"level":"info","message":"::1 - - [17/May/2026:14:13:34 +0000] \"POST /api/users HTTP/1.1\" 401 109 \"-\" \"PostmanRuntime/7.54.0\"","timestamp":"2026-05-17 15:13:34"}
{"level":"info","message":"login accessed by ::1","timestamp":"2026-05-17 15:13:40"}
{"level":"info","message":"::1 - - [17/May/2026:14:13:40 +0000] \"POST /api/login HTTP/1.1\" 202 227 \"-\" \"PostmanRuntime/7.54.0\"","timestamp":"2026-05-17 15:13:40"}
{"level":"info","message":"users accessed by ::1","timestamp":"2026-05-17 15:13:44"}
{"level":"info","message":"::1 - - [17/May/2026:14:13:44 +0000] \"POST /api/users HTTP/1.1\" 201 117 \"-\" \"PostmanRuntime/7.54.0\"","timestamp":"2026-05-17 15:13:44"}
{"level":"info","message":"users accessed by ::1","timestamp":"2026-05-17 15:13:57"}
{"level":"info","message":"::1 - - [17/May/2026:14:13:57 +0000] \"POST /api/users HTTP/1.1\" 201 115 \"-\" \"PostmanRuntime/7.54.0\"","timestamp":"2026-05-17 15:13:57"}
{"level":"info","message":"users accessed by ::1","timestamp":"2026-05-17 15:15:05"}
{"level":"info","message":"::1 - - [17/May/2026:14:15:05 +0000] \"POST /api/users HTTP/1.1\" 201 119 \"-\" \"PostmanRuntime/7.54.0\"","timestamp":"2026-05-17 15:15:05"}
{"level":"info","message":"user-management accessed by ::1","timestamp":"2026-05-17 15:16:13"}
{"level":"info","message":"::1 - - [17/May/2026:14:16:13 +0000] \"POST /api/user-management HTTP/1.1\" 201 106 \"-\" \"PostmanRuntime/7.54.0\"","timestamp":"2026-05-17 15:16:13"}
{"level":"info","message":"user-management accessed by ::1","timestamp":"2026-05-17 15:16:25"}
{"level":"info","message":"::1 - - [17/May/2026:14:16:25 +0000] \"POST /api/user-management HTTP/1.1\" 201 106 \"-\" \"PostmanRuntime/7.54.0\"","timestamp":"2026-05-17 15:16:25"}
{"level":"info","message":"user-management accessed by ::1","timestamp":"2026-05-17 15:16:58"}
{"level":"info","message":"::1 - - [17/May/2026:14:16:58 +0000] \"POST /api/user-management HTTP/1.1\" 201 106 \"-\" \"PostmanRuntime/7.54.0\"","timestamp":"2026-05-17 15:16:58"}
{"level":"info","message":"login accessed by ::1","timestamp":"2026-05-17 15:17:12"}
{"level":"info","message":"::1 - - [17/May/2026:14:17:12 +0000] \"POST /api/login HTTP/1.1\" 202 228 \"-\" \"PostmanRuntime/7.54.0\"","timestamp":"2026-05-17 15:17:12"}
{"level":"info","message":"leave-requests accessed by ::1","timestamp":"2026-05-17 15:17:28"}
{"level":"info","message":"::1 - - [17/May/2026:14:17:28 +0000] \"POST /api/leave-requests HTTP/1.1\" 201 195 \"-\" \"PostmanRuntime/7.54.0\"","timestamp":"2026-05-17 15:17:28"}
{"level":"info","message":"leave-requests accessed by ::1","timestamp":"2026-05-17 15:17:42"}
{"level":"info","message":"::1 - - [17/May/2026:14:17:43 +0000] \"POST /api/leave-requests HTTP/1.1\" 201 195 \"-\" \"PostmanRuntime/7.54.0\"","timestamp":"2026-05-17 15:17:43"}
{"level":"info","message":"login accessed by ::1","timestamp":"2026-05-17 15:17:53"}
{"level":"info","message":"::1 - - [17/May/2026:14:17:53 +0000] \"POST /api/login HTTP/1.1\" 202 228 \"-\" \"PostmanRuntime/7.54.0\"","timestamp":"2026-05-17 15:17:53"}
{"level":"info","message":"users accessed by ::1","timestamp":"2026-05-17 15:18:23"}
{"level":"warn","message":"Unauthorised access attempt by staff2@email.com (role: staff)","timestamp":"2026-05-17 15:18:23"}
{"0":"2","1":"0","10":"T","11":"1","12":"4","13":":","14":"1","15":"8","16":":","17":"2","18":"3","19":".","2":"2","20":"2","21":"2","22":"3","23":"Z","3":"6","4":"-","5":"0","6":"5","7":"-","8":"1","9":"7","level":"error","message":"[Error]: Admins only","timestamp":"2026-05-17 15:18:23"}
{"level":"info","message":"::1 - - [17/May/2026:14:18:23 +0000] \"POST /api/users HTTP/1.1\" 403 87 \"-\" \"PostmanRuntime/7.54.0\"","timestamp":"2026-05-17 15:18:23"}
{"level":"info","message":"login accessed by ::1","timestamp":"2026-05-17 15:18:30"}
{"level":"info","message":"::1 - - [17/May/2026:14:18:30 +0000] \"POST /api/login HTTP/1.1\" 202 227 \"-\" \"PostmanRuntime/7.54.0\"","timestamp":"2026-05-17 15:18:30"}
{"level":"info","message":"users accessed by ::1","timestamp":"2026-05-17 15:18:33"}
{"level":"info","message":"::1 - - [17/May/2026:14:18:33 +0000] \"POST /api/users HTTP/1.1\" 201 115 \"-\" \"PostmanRuntime/7.54.0\"","timestamp":"2026-05-17 15:18:33"}
{"level":"info","message":"users accessed by ::1","timestamp":"2026-05-17 15:19:02"}
{"level":"info","message":"::1 - - [17/May/2026:14:19:02 +0000] \"POST /api/users HTTP/1.1\" 201 114 \"-\" \"PostmanRuntime/7.54.0\"","timestamp":"2026-05-17 15:19:02"}
{"level":"info","message":"login accessed by ::1","timestamp":"2026-05-17 15:19:17"}
{"level":"info","message":"::1 - - [17/May/2026:14:19:17 +0000] \"POST /api/login HTTP/1.1\" 202 228 \"-\" \"PostmanRuntime/7.54.0\"","timestamp":"2026-05-17 15:19:17"}
{"level":"info","message":"leave-requests accessed by ::1","timestamp":"2026-05-17 15:19:20"}
{"level":"info","message":"::1 - - [17/May/2026:14:19:20 +0000] \"POST /api/leave-requests HTTP/1.1\" 201 195 \"-\" \"PostmanRuntime/7.54.0\"","timestamp":"2026-05-17 15:19:20"}
{"level":"info","message":"leave-requests accessed by ::1","timestamp":"2026-05-17 15:19:50"}
{"0":"2","1":"0","10":"T","11":"1","12":"4","13":":","14":"1","15":"9","16":":","17":"5","18":"0","19":".","2":"2","20":"3","21":"5","22":"2","23":"Z","3":"6","4":"-","5":"0","6":"5","7":"-","8":"1","9":"7","level":"error","message":"[Error]: End date of Tue May 19 2026 is before the start date of Wed May 20 2026","timestamp":"2026-05-17 15:19:50"}
{"level":"info","message":"::1 - - [17/May/2026:14:19:50 +0000] \"POST /api/leave-requests HTTP/1.1\" 400 147 \"-\" \"PostmanRuntime/7.54.0\"","timestamp":"2026-05-17 15:19:50"}
